OcutimeStamp,UnityTimeStamp,LeftCollide,RightCollide,CombCollide
4139888,63771301604664,None,None,None
4139888,63771301604668,None,None,None
4139904,63771301604679,None,None,None
4139921,63771301604691,None,None,None
4139921,63771301604703,None,None,None
4139938,63771301604713,None,None,None
4139954,63771301604725,None,None,None
4139971,63771301604736,None,None,None
4139971,63771301604748,None,None,None
4139988,63771301604758,None,None,None
4140004,63771301604770,None,None,None
4140004,63771301604780,None,None,None
4140021,63771301604791,None,None,None
4140029,63771301604803,None,None,None
4140029,63771301604814,None,None,None
4140046,63771301604825,None,None,None
4140062,63771301604836,None,None,None
4140062,63771301604847,None,None,None
4140079,63771301604858,None,None,None
4140096,63771301604869,None,None,None
4140112,63771301604880,None,None,None
4140112,63771301604892,None,None,None
4140129,63771301604904,None,None,None
4140146,63771301604913,None,None,None
4140146,63771301604925,None,None,None
4140162,63771301604935,None,None,None
4140179,63771301604946,None,None,None
4140179,63771301604957,None,None,None
4140187,63771301604969,None,None,None
4140204,63771301604980,None,None,None
4140221,63771301605003,None,None,None
4140237,63771301605007,None,None,None
4140237,63771301605013,None,None,None
4140254,63771301605025,None,None,None
4140254,63771301605035,None,None,None
4140271,63771301605047,None,None,None
4140287,63771301605059,None,None,None
4140287,63771301605069,None,None,None
4140304,63771301605081,None,None,None
4140321,63771301605092,None,None,None
4140337,63771301605103,None,None,None
4140337,63771301605114,None,None,None
4140346,63771301605124,None,None,None
4140362,63771301605136,None,None,None
4140362,63771301605147,None,None,None
4140379,63771301605158,None,None,None
4140396,63771301605169,None,None,None
4140412,63771301605180,None,None,None
4140412,63771301605191,None,None,None
4140429,63771301605203,None,None,None
4140446,63771301605214,None,None,None
4140446,63771301605225,None,None,None
4140462,63771301605235,None,None,None
4140479,63771301605247,None,None,None
4140496,63771301605258,None,None,None
4140496,63771301605269,None,None,None
4140504,63771301605280,None,None,None
4140521,63771301605292,None,None,None
4140521,63771301605302,None,None,None
4140537,63771301605315,None,None,None
4140554,63771301605325,None,None,None
4140571,63771301605346,None,None,None
4140571,63771301605350,None,None,None
4140587,63771301605358,None,None,None
4140604,63771301605370,None,None,None
4140604,63771301605380,None,None,None
4140621,63771301605392,None,None,None
4140637,63771301605403,None,None,None
4140637,63771301605415,None,None,None
4140646,63771301605426,None,None,None
4140662,63771301605437,None,None,None
4140679,63771301605448,None,None,None
4140679,63771301605460,None,None,None
4140696,63771301605472,None,None,None
4140712,63771301605483,None,None,None
4140712,63771301605495,None,None,None
4140729,63771301605506,None,None,None
4140746,63771301605516,None,None,None
4140762,63771301605529,None,None,None
4140762,63771301605539,None,None,None
4140779,63771301605550,None,None,None
4140796,63771301605561,None,None,None
4140796,63771301605572,None,None,None
4140804,63771301605583,None,None,None
4140821,63771301605594,None,None,None
4140821,63771301605606,None,None,None
4140837,63771301605617,None,None,None
4140854,63771301605627,None,None,None
4140871,63771301605639,None,None,None
4140871,63771301605651,None,None,None
4140887,63771301605661,None,None,None
4140904,63771301605673,None,None,None
4140921,63771301605693,None,None,None
4140921,63771301605699,None,None,None
4140937,63771301605705,None,None,None
4140937,63771301605717,None,None,None
4140954,63771301605726,None,None,None
4140971,63771301605738,None,None,None
4140971,63771301605748,None,None,None
4140979,63771301605760,None,None,None
4140996,63771301605771,None,None,None
4141012,63771301605783,None,None,None
4141012,63771301605793,None,None,None
4141029,63771301605805,None,None,None
4141046,63771301605815,None,None,None
4141046,63771301605826,None,None,None
4141062,63771301605837,None,None,None
4141079,63771301605849,None,None,None
4141096,63771301605860,None,None,None
4141096,63771301605871,None,None,None
4141121,63771301605882,None,None,None
4141129,63771301605893,None,None,None
4141129,63771301605904,None,None,None
4141137,63771301605916,None,None,None
4141154,63771301605926,None,None,None
4141154,63771301605938,None,None,None
4141171,63771301605948,None,None,None
4141187,63771301605960,None,None,None
4141187,63771301605971,None,None,None
4141204,63771301605982,None,None,None
4141221,63771301605993,None,None,None
4141237,63771301606006,None,None,None
4141237,63771301606016,None,None,None
4141271,63771301606038,None,None,None
4141271,63771301606043,None,None,None
4141271,63771301606050,None,None,None
4141287,63771301606058,None,None,None
4141304,63771301606069,None,None,None
4141304,63771301606080,None,None,None
4141321,63771301606091,None,None,None
4141329,63771301606104,None,None,None
4141329,63771301606113,None,None,None
4141346,63771301606125,None,None,None
4141362,63771301606135,None,None,None
4141362,63771301606147,None,None,None
4141379,63771301606158,None,None,None
4141396,63771301606169,None,None,None
4141396,63771301606180,None,None,None
4141412,63771301606191,None,None,None
4141429,63771301606202,None,None,None
4141446,63771301606215,None,None,None
4141446,63771301606224,None,None,None
4141462,63771301606236,None,None,None
4141479,63771301606247,None,None,None
4141479,63771301606258,None,None,None
4141496,63771301606269,None,None,None
4141512,63771301606280,None,None,None
4141512,63771301606291,None,None,None
4141529,63771301606302,None,None,None
4141537,63771301606313,None,None,None
4141554,63771301606326,None,None,None
4141554,63771301606335,None,None,None
4141570,63771301606347,None,None,None
4141587,63771301606358,None,None,None
4141604,63771301606380,None,None,None
4141604,63771301606385,None,None,None
4141620,63771301606391,None,None,None
4141620,63771301606402,None,None,None
4141637,63771301606413,None,None,None
4141654,63771301606426,None,None,None
4141670,63771301606436,None,None,None
4141670,63771301606448,None,None,None
4141687,63771301606459,None,None,None
4141704,63771301606470,None,None,None
4141704,63771301606481,None,None,None
4141720,63771301606492,None,None,None
4141729,63771301606503,None,None,None
4141729,63771301606515,None,None,None
4141745,63771301606525,None,None,None
4141762,63771301606536,None,None,None
4141762,63771301606547,None,None,None
4141779,63771301606559,None,None,None
4141795,63771301606569,None,None,None
4141812,63771301606581,None,None,None
4141812,63771301606592,None,None,None
4141829,63771301606605,None,None,None
4141845,63771301606615,None,None,None
4141845,63771301606626,None,None,None
4141862,63771301606636,None,None,None
4141879,63771301606648,None,None,None
4141879,63771301606658,None,None,None
4141912,63771301606682,None,None,None
4141912,63771301606688,None,None,None
4141929,63771301606695,None,None,None
4141929,63771301606702,None,None,None
4141954,63771301606724,None,None,None
4141954,63771301606729,None,None,None
4141954,63771301606734,None,None,None
4141970,63771301606746,None,None,None
4141987,63771301606757,None,None,None
4141987,63771301606768,None,None,None
4142004,63771301606779,None,None,None
4142020,63771301606790,None,None,None
4142020,63771301606801,None,None,None
4142037,63771301606813,None,None,None
4142054,63771301606823,None,None,None
4142054,63771301606835,None,None,None
4142070,63771301606845,None,None,None
4142087,63771301606857,None,None,None
4142087,63771301606867,None,None,None
4142104,63771301606878,None,None,None
4142120,63771301606890,None,None,None
4142137,63771301606902,None,None,None
4142137,63771301606912,None,None,None
4142145,63771301606924,None,None,None
4142162,63771301606935,None,None,None
4142162,63771301606945,None,None,None
4142179,63771301606957,None,None,None
4142195,63771301606968,None,None,None
4142195,63771301606978,None,None,None
4142212,63771301606990,None,None,None
4142229,63771301607001,None,None,None
4142245,63771301607014,None,None,None
4142245,63771301607023,None,None,None
4142262,63771301607035,None,None,None
4142279,63771301607046,None,None,None
4142295,63771301607067,None,None,None
4142295,63771301607072,None,None,None
4142312,63771301607078,None,None,None
4142312,63771301607090,None,None,None
4142320,63771301607101,None,None,None
4142337,63771301607113,None,None,None
4142354,63771301607123,None,None,None
4142354,63771301607134,None,None,None
4142370,63771301607145,None,None,None
4142387,63771301607157,None,None,None
4142387,63771301607168,None,None,None
4142404,63771301607179,None,None,None
4142420,63771301607191,None,None,None
4142437,63771301607202,None,None,None
4142437,63771301607213,None,None,None
4142454,63771301607227,None,None,None
4142470,63771301607237,None,None,None
4142470,63771301607249,None,None,None
4142487,63771301607259,None,None,None
4142495,63771301607270,None,None,None
4142495,63771301607281,None,None,None
4142512,63771301607292,None,None,None
4142529,63771301607303,None,None,None
4142545,63771301607315,None,None,None
4142545,63771301607325,None,None,None
4142562,63771301607336,None,None,None
4142579,63771301607347,None,None,None
4142579,63771301607359,None,None,None
4142595,63771301607370,None,None,None
4142612,63771301607381,None,None,None
4142612,63771301607392,None,None,None
4142645,63771301607416,None,None,None
4142645,63771301607420,None,None,None
4142645,63771301607424,None,None,None
4142662,63771301607435,None,None,None
4142679,63771301607445,None,None,None
4142679,63771301607457,None,None,None
4142695,63771301607468,None,None,None
4142704,63771301607479,None,None,None
4142720,63771301607490,None,None,None
4142720,63771301607501,None,None,None
4142737,63771301607512,None,None,None
4142754,63771301607524,None,None,None
4142754,63771301607534,None,None,None
4142770,63771301607546,None,None,None
4142787,63771301607557,None,None,None
4142787,63771301607568,None,None,None
4142804,63771301607579,None,None,None
4142820,63771301607590,None,None,None
4142820,63771301607601,None,None,None
4142837,63771301607613,None,None,None
4142854,63771301607623,None,None,None
4142870,63771301607635,None,None,None
4142870,63771301607645,None,None,None
4142887,63771301607657,None,None,None
4142895,63771301607668,None,None,None
4142895,63771301607679,None,None,None
4142912,63771301607690,None,None,None
4142929,63771301607701,None,None,None
4142929,63771301607712,None,None,None
4142945,63771301607726,None,None,None
4142962,63771301607734,None,None,None
4142979,63771301607757,None,None,None
4142979,63771301607761,None,None,None
4142995,63771301607767,None,None,None
4143012,63771301607779,None,None,None
4143012,63771301607791,None,None,None
4143029,63771301607802,None,None,None
4143045,63771301607813,None,None,None
4143045,63771301607826,None,None,None
4143062,63771301607835,None,None,None
4143078,63771301607847,None,None,None
4143095,63771301607858,None,None,None
4143095,63771301607869,None,None,None
4143103,63771301607880,None,None,None
4143120,63771301607892,None,None,None
4143120,63771301607902,None,None,None
4143137,63771301607915,None,None,None
4143153,63771301607925,None,None,None
4143153,63771301607936,None,None,None
4143170,63771301607947,None,None,None
4143187,63771301607958,None,None,None
4143187,63771301607969,None,None,None
4143203,63771301607981,None,None,None
4143220,63771301607992,None,None,None
4143237,63771301608003,Wayfinding_S,Wayfinding_S,Wayfinding_S
4143237,63771301608013,Wayfinding_S,Wayfinding_S,Wayfinding_S
4143253,63771301608027,Wayfinding_S,Wayfinding_S,Wayfinding_S
4143270,63771301608036,Wayfinding_S,Wayfinding_S,Wayfinding_S
4143270,63771301608047,Wayfinding_S,Wayfinding_S,Wayfinding_S
4143295,63771301608059,Wayfinding_S,Wayfinding_S,Wayfinding_S
4143303,63771301608070,Wayfinding_S,Wayfinding_S,Wayfinding_S
4143303,63771301608081,None,None,None
4143328,63771301608103,None,None,None
4143328,63771301608109,None,None,None
4143328,63771301608114,None,None,None
4143345,63771301608124,None,None,None
4143362,63771301608134,None,None,None
4143362,63771301608146,None,None,None
4143378,63771301608157,None,None,None
4143395,63771301608168,None,None,None
4143412,63771301608179,None,None,None
4143412,63771301608190,None,None,None
4143428,63771301608201,None,None,None
4143445,63771301608213,None,None,None
4143445,63771301608223,None,None,None
4143470,63771301608235,None,None,None
4143478,63771301608245,None,None,None
4143478,63771301608257,None,None,None
4143487,63771301608268,None,None,None
4143503,63771301608279,None,None,None
4143520,63771301608290,None,None,None
4143520,63771301608301,None,None,None
4143537,63771301608312,None,None,None
4143553,63771301608324,None,None,None
4143553,63771301608334,None,None,None
4143570,63771301608346,None,None,None
4143587,63771301608357,None,None,None
4143587,63771301608368,None,None,None
4143603,63771301608379,None,None,None
4143620,63771301608390,None,None,None
4143637,63771301608401,None,None,None
4143637,63771301608413,None,None,None
4143653,63771301608423,None,None,None
4143662,63771301608445,None,None,None
4143678,63771301608450,None,None,None
4143678,63771301608456,None,None,None
4143695,63771301608468,None,None,None
4143712,63771301608479,None,None,None
4143712,63771301608491,None,None,None
4143728,63771301608502,None,None,None
4143745,63771301608514,None,None,None
4143745,63771301608523,None,None,None
4143762,63771301608535,None,None,None
4143778,63771301608546,None,None,None
4143787,63771301608557,None,None,None
4143787,63771301608568,None,None,None
4143803,63771301608579,None,None,None
4143820,63771301608591,None,None,None
4143820,63771301608602,None,None,None
4143837,63771301608613,None,None,None
4143853,63771301608625,None,None,None
4143853,63771301608634,None,None,None
4143870,63771301608646,None,None,None
4143887,63771301608657,None,None,None
4143887,63771301608668,None,None,None
4143903,63771301608679,None,None,None
4143920,63771301608690,None,None,None
4143937,63771301608701,None,None,None
4143937,63771301608713,None,None,None
4143953,63771301608724,None,None,None
4143962,63771301608735,None,None,None
4143962,63771301608746,None,None,None
4143978,63771301608757,None,None,None
4143995,63771301608769,None,None,None
4144012,63771301608789,None,None,None
4144028,63771301608795,None,None,None
4144028,63771301608801,None,None,None
4144045,63771301608814,None,None,None
4144045,63771301608823,None,None,None
4144062,63771301608835,None,None,None
4144078,63771301608846,mesh_LOD0,mesh_LOD0,mesh_LOD0
4144078,63771301608857,mesh_LOD0,mesh_LOD0,mesh_LOD0
4144095,63771301608869,mesh_LOD0,mesh_LOD0,mesh_LOD0
4144112,63771301608879,mesh_LOD0,mesh_LOD0,mesh_LOD0
4144128,63771301608891,None,None,None
4144128,63771301608902,mesh_LOD0,mesh_LOD0,mesh_LOD0
4144137,63771301608913,mesh_LOD0,mesh_LOD0,mesh_LOD0
4144153,63771301608925,mesh_LOD0,mesh_LOD0,mesh_LOD0
4144153,63771301608935,mesh_LOD0,mesh_LOD0,mesh_LOD0
4144170,63771301608946,mesh_LOD0,mesh_LOD0,mesh_LOD0
4144187,63771301608958,mesh_LOD0,mesh_LOD0,mesh_LOD0
4144187,63771301608969,mesh_LOD0,mesh_LOD0,mesh_LOD0
4144203,63771301608979,mesh_LOD0,mesh_LOD0,mesh_LOD0
4144220,63771301608991,mesh_LOD0,mesh_LOD0,mesh_LOD0
4144237,63771301609002,mesh_LOD0,mesh_LOD0,mesh_LOD0
4144237,63771301609014,mesh_LOD0,mesh_LOD0,mesh_LOD0
4144253,63771301609024,mesh_LOD0,mesh_LOD0,mesh_LOD0
4144270,63771301609035,mesh_LOD0,mesh_LOD0,mesh_LOD0
4144270,63771301609046,mesh_LOD0,mesh_LOD0,mesh_LOD0
4144287,63771301609057,mesh_LOD0,mesh_LOD0,mesh_LOD0
4144303,63771301609068,mesh_LOD0,mesh_LOD0,mesh_LOD0
4144303,63771301609079,mesh_LOD0,mesh_LOD0,mesh_LOD0
4144312,63771301609090,mesh_LOD0,mesh_LOD0,mesh_LOD0
4144328,63771301609102,mesh_LOD0,mesh_LOD0,mesh_LOD0
4144328,63771301609113,mesh_LOD0,mesh_LOD0,mesh_LOD0
4144362,63771301609135,mesh_LOD0,mesh_LOD0,mesh_LOD0
4144362,63771301609141,mesh_LOD0,mesh_LOD0,mesh_LOD0
4144378,63771301609146,mesh_LOD0,mesh_LOD0,mesh_LOD0
4144378,63771301609157,mesh_LOD0,mesh_LOD0,mesh_LOD0
4144395,63771301609167,mesh_LOD0,mesh_LOD0,mesh_LOD0
4144412,63771301609178,None,None,None
4144412,63771301609189,None,None,None
4144428,63771301609200,None,None,None
4144445,63771301609212,None,None,None
4144445,63771301609223,None,None,None
4144462,63771301609233,None,None,None
4144478,63771301609245,None,None,None
4144478,63771301609256,None,None,None
4144495,63771301609267,None,None,None
4144512,63771301609278,None,None,None
4144512,63771301609289,None,None,None
4144520,63771301609300,None,None,None
4144537,63771301609311,mesh_LOD0,mesh_LOD0,mesh_LOD0
4144553,63771301609323,mesh_LOD0,mesh_LOD0,mesh_LOD0
4144553,63771301609335,mesh_LOD0,mesh_LOD0,mesh_LOD0
4144570,63771301609345,mesh_LOD0,mesh_LOD0,mesh_LOD0
4144587,63771301609357,mesh_LOD0,mesh_LOD0,mesh_LOD0
4144587,63771301609367,mesh_LOD0,mesh_LOD0,mesh_LOD0
4144603,63771301609378,mesh_LOD0,mesh_LOD0,mesh_LOD0
4144620,63771301609389,mesh_LOD0,mesh_LOD0,mesh_LOD0
4144620,63771301609400,mesh_LOD0,mesh_LOD0,mesh_LOD0
4144636,63771301609411,mesh_LOD0,mesh_LOD0,mesh_LOD0
4144653,63771301609423,mesh_LOD0,mesh_LOD0,mesh_LOD0
4144670,63771301609433,None,None,None
4144670,63771301609445,None,None,None
4144686,63771301609456,None,None,None
4144695,63771301609478,None,None,None
4144711,63771301609483,None,None,None
4144711,63771301609489,None,None,None
4144728,63771301609500,None,None,None
4144728,63771301609512,None,None,None
4144745,63771301609524,None,None,None
4144761,63771301609534,None,None,None
4144778,63771301609546,None,None,None
4144778,63771301609556,None,None,None
4144795,63771301609567,None,None,None
4144811,63771301609579,None,None,None
4144811,63771301609590,None,None,None
4144828,63771301609601,None,None,None
4144845,63771301609613,None,None,None
4144845,63771301609623,None,None,None
4144861,63771301609634,None,None,None
4144878,63771301609645,None,None,None
4144878,63771301609656,None,None,None
4144886,63771301609667,None,None,None
4144903,63771301609678,None,None,None
4144920,63771301609690,None,None,None
4144920,63771301609700,None,None,None
4144936,63771301609712,None,None,None
4144953,63771301609725,None,None,None
4144953,63771301609734,None,None,None
4144970,63771301609746,None,None,None
4144986,63771301609757,None,None,None
4144986,63771301609767,None,None,None
4145003,63771301609778,None,None,None
4145020,63771301609789,None,None,None
4145036,63771301609802,None,None,None
4145053,63771301609823,None,None,None
4145053,63771301609829,None,None,None
4145061,63771301609833,None,None,None
4145061,63771301609845,None,None,None
4145078,63771301609856,None,None,None
4145095,63771301609867,None,None,None
4145095,63771301609878,None,None,None
4145111,63771301609889,None,None,None
4145128,63771301609900,None,None,None
4145128,63771301609912,None,None,None
4145145,63771301609923,None,None,None
4145161,63771301609935,None,None,None
4145178,63771301609945,None,None,None
4145178,63771301609956,None,None,None
4145195,63771301609967,None,None,None
4145211,63771301609978,None,None,None
4145211,63771301609989,None,None,None
4145228,63771301610001,None,None,None
4145245,63771301610011,None,None,None
4145245,63771301610023,None,None,None
4145261,63771301610033,None,None,None
4145270,63771301610045,None,None,None
4145286,63771301610056,None,None,None
4145286,63771301610067,None,None,None
4145303,63771301610078,None,None,None
4145320,63771301610089,mesh_LOD0,mesh_LOD0,mesh_LOD0
4145320,63771301610100,mesh_LOD0,mesh_LOD0,mesh_LOD0
4145336,63771301610111,mesh_LOD0,mesh_LOD0,mesh_LOD0
4145353,63771301610123,mesh_LOD0,mesh_LOD0,mesh_LOD0
4145353,63771301610134,mesh_LOD0,mesh_LOD0,mesh_LOD0
4145370,63771301610145,mesh_LOD0,mesh_LOD0,mesh_LOD0
4145386,63771301610166,mesh_LOD0,mesh_LOD0,mesh_LOD0
4145403,63771301610172,mesh_LOD0,mesh_LOD0,mesh_LOD0
4145403,63771301610177,mesh_LOD0,mesh_LOD0,mesh_LOD0
4145420,63771301610189,mesh_LOD0,mesh_LOD0,mesh_LOD0
4145436,63771301610200,mesh_LOD0,mesh_LOD0,mesh_LOD0
4145436,63771301610212,mesh_LOD0,mesh_LOD0,mesh_LOD0
4145453,63771301610223,mesh_LOD0,mesh_LOD0,mesh_LOD0
4145461,63771301610235,mesh_LOD0,mesh_LOD0,mesh_LOD0
4145461,63771301610245,mesh_LOD0,mesh_LOD0,mesh_LOD0
4145478,63771301610256,mesh_LOD0,mesh_LOD0,mesh_LOD0
4145495,63771301610267,mesh_LOD0,mesh_LOD0,mesh_LOD0
4145495,63771301610278,mesh_LOD0,mesh_LOD0,mesh_LOD0
4145511,63771301610289,mesh_LOD0,mesh_LOD0,mesh_LOD0
4145528,63771301610300,mesh_LOD0,mesh_LOD0,mesh_LOD0
4145545,63771301610312,mesh_LOD0,mesh_LOD0,mesh_LOD0
4145545,63771301610324,mesh_LOD0,mesh_LOD0,mesh_LOD0
4145561,63771301610334,mesh_LOD0,mesh_LOD0,mesh_LOD0
4145578,63771301610345,mesh_LOD0,mesh_LOD0,mesh_LOD0
4145578,63771301610356,mesh_LOD0,mesh_LOD0,mesh_LOD0
4145595,63771301610368,mesh_LOD0,mesh_LOD0,mesh_LOD0
4145611,63771301610379,mesh_LOD0,mesh_LOD0,mesh_LOD0
4145611,63771301610390,mesh_LOD0,mesh_LOD0,mesh_LOD0
4145628,63771301610401,mesh_LOD0,mesh_LOD0,mesh_LOD0
4145636,63771301610412,mesh_LOD0,mesh_LOD0,mesh_LOD0
4145653,63771301610423,mesh_LOD0,mesh_LOD0,mesh_LOD0
4145653,63771301610435,mesh_LOD0,mesh_LOD0,mesh_LOD0
4145670,63771301610445,mesh_LOD0,mesh_LOD0,mesh_LOD0
4145686,63771301610457,mesh_LOD0,mesh_LOD0,mesh_LOD0
4145686,63771301610467,mesh_LOD0,mesh_LOD0,mesh_LOD0
4145703,63771301610479,mesh_LOD0,mesh_LOD0,mesh_LOD0
4145720,63771301610490,mesh_LOD0,mesh_LOD0,mesh_LOD0
4145736,63771301610511,mesh_LOD0,mesh_LOD0,mesh_LOD0
4145745,63771301610517,mesh_LOD0,mesh_LOD0,mesh_LOD0
4145745,63771301610523,mesh_LOD0,mesh_LOD0,mesh_LOD0
4145761,63771301610536,mesh_LOD0,mesh_LOD0,mesh_LOD0
4145761,63771301610545,mesh_LOD0,mesh_LOD0,mesh_LOD0
4145778,63771301610556,mesh_LOD0,mesh_LOD0,mesh_LOD0
4145795,63771301610567,mesh_LOD0,mesh_LOD0,mesh_LOD0
4145795,63771301610578,mesh_LOD0,mesh_LOD0,mesh_LOD0
4145811,63771301610589,mesh_LOD0,mesh_LOD0,mesh_LOD0
4145828,63771301610601,mesh_LOD0,mesh_LOD0,mesh_LOD0
4145845,63771301610612,mesh_LOD0,mesh_LOD0,mesh_LOD0
4145845,63771301610624,mesh_LOD0,mesh_LOD0,mesh_LOD0
4145861,63771301610634,mesh_LOD0,mesh_LOD0,mesh_LOD0
4145878,63771301610645,mesh_LOD0,mesh_LOD0,mesh_LOD0
4145878,63771301610656,mesh_LOD0,mesh_LOD0,mesh_LOD0
4145895,63771301610667,mesh_LOD0,mesh_LOD0,mesh_LOD0
4145911,63771301610678,mesh_LOD0,mesh_LOD0,mesh_LOD0
4145928,63771301610690,mesh_LOD0,mesh_LOD0,mesh_LOD0
4145928,63771301610700,mesh_LOD0,mesh_LOD0,mesh_LOD0
4145936,63771301610711,mesh_LOD0,mesh_LOD0,mesh_LOD0
4145953,63771301610724,mesh_LOD0,mesh_LOD0,mesh_LOD0
4145953,63771301610735,mesh_LOD0,mesh_LOD0,mesh_LOD0
4145970,63771301610745,mesh_LOD0,mesh_LOD0,mesh_LOD0
4145986,63771301610756,mesh_LOD0,mesh_LOD0,mesh_LOD0
4145986,63771301610767,mesh_LOD0,mesh_LOD0,mesh_LOD0
4146003,63771301610778,mesh_LOD0,mesh_LOD0,mesh_LOD0
4146020,63771301610789,mesh_LOD0,mesh_LOD0,mesh_LOD0
4146036,63771301610800,mesh_LOD0,mesh_LOD0,mesh_LOD0
4146036,63771301610811,mesh_LOD0,mesh_LOD0,mesh_LOD0
4146053,63771301610824,mesh_LOD0,mesh_LOD0,mesh_LOD0
4146061,63771301610834,mesh_LOD0,mesh_LOD0,mesh_LOD0
4146078,63771301610856,mesh_LOD0,mesh_LOD0,mesh_LOD0
4146078,63771301610862,mesh_LOD0,mesh_LOD0,mesh_LOD0
4146095,63771301610867,mesh_LOD0,mesh_LOD0,mesh_LOD0
4146095,63771301610877,mesh_LOD0,mesh_LOD0,mesh_LOD0
4146111,63771301610889,mesh_LOD0,mesh_LOD0,mesh_LOD0
4146128,63771301610900,mesh_LOD0,mesh_LOD0,mesh_LOD0
4146144,63771301610911,mesh_LOD0,mesh_LOD0,mesh_LOD0
4146144,63771301610923,mesh_LOD0,mesh_LOD0,mesh_LOD0
4146161,63771301610933,mesh_LOD0,mesh_LOD0,mesh_LOD0
4146178,63771301610944,mesh_LOD0,mesh_LOD0,mesh_LOD0
4146178,63771301610956,mesh_LOD0,mesh_LOD0,mesh_LOD0
4146194,63771301610966,mesh_LOD0,mesh_LOD0,mesh_LOD0
4146211,63771301610978,mesh_LOD0,mesh_LOD0,mesh_LOD0
4146211,63771301610989,mesh_LOD0,mesh_LOD0,mesh_LOD0
4146228,63771301611000,mesh_LOD0,mesh_LOD0,mesh_LOD0
4146236,63771301611011,mesh_LOD0,mesh_LOD0,mesh_LOD0
4146253,63771301611022,mesh_LOD0,mesh_LOD0,mesh_LOD0
4146253,63771301611034,mesh_LOD0,mesh_LOD0,mesh_LOD0
4146269,63771301611044,mesh_LOD0,mesh_LOD0,mesh_LOD0
4146286,63771301611055,mesh_LOD0,mesh_LOD0,mesh_LOD0
4146286,63771301611066,mesh_LOD0,mesh_LOD0,mesh_LOD0
4146303,63771301611078,mesh_LOD0,mesh_LOD0,mesh_LOD0
4146319,63771301611089,mesh_LOD0,mesh_LOD0,mesh_LOD0
4146319,63771301611100,mesh_LOD0,mesh_LOD0,mesh_LOD0
4146336,63771301611111,mesh_LOD0,mesh_LOD0,mesh_LOD0
4146353,63771301611123,mesh_LOD0,mesh_LOD0,mesh_LOD0
4146353,63771301611133,mesh_LOD0,mesh_LOD0,mesh_LOD0
4146369,63771301611144,mesh_LOD0,mesh_LOD0,mesh_LOD0
4146386,63771301611155,mesh_LOD0,mesh_LOD0,mesh_LOD0
4146411,63771301611167,mesh_LOD0,mesh_LOD0,mesh_LOD0
4146411,63771301611178,mesh_LOD0,mesh_LOD0,mesh_LOD0
4146428,63771301611200,mesh_LOD0,mesh_LOD0,mesh_LOD0
4146428,63771301611205,mesh_LOD0,mesh_LOD0,mesh_LOD0
4146428,63771301611210,mesh_LOD0,mesh_LOD0,mesh_LOD0
4146444,63771301611223,mesh_LOD0,mesh_LOD0,mesh_LOD0
4146461,63771301611233,mesh_LOD0,mesh_LOD0,mesh_LOD0
4146461,63771301611244,mesh_LOD0,mesh_LOD0,mesh_LOD0
4146478,63771301611255,mesh_LOD0,mesh_LOD0,mesh_LOD0
4146494,63771301611266,mesh_LOD0,mesh_LOD0,mesh_LOD0
4146511,63771301611277,mesh_LOD0,mesh_LOD0,mesh_LOD0
4146511,63771301611289,mesh_LOD0,mesh_LOD0,mesh_LOD0
4146528,63771301611300,mesh_LOD0,mesh_LOD0,mesh_LOD0
4146544,63771301611311,mesh_LOD0,mesh_LOD0,mesh_LOD0
4146544,63771301611322,mesh_LOD0,mesh_LOD0,mesh_LOD0
4146561,63771301611334,mesh_LOD0,mesh_LOD0,mesh_LOD0
4146578,63771301611344,mesh_LOD0,mesh_LOD0,mesh_LOD0
4146578,63771301611355,None,None,None
4146594,63771301611367,None,None,None
4146603,63771301611377,None,None,None
4146603,63771301611388,None,None,None
4146619,63771301611399,None,None,None
4146636,63771301611411,None,None,None
4146653,63771301611423,None,None,None
4146653,63771301611433,None,None,None
4146669,63771301611444,None,None,None
4146686,63771301611456,None,None,None
4146686,63771301611466,None,None,None
4146703,63771301611478,None,None,None
4146719,63771301611489,None,None,None
4146736,63771301611500,None,None,None
4146736,63771301611511,None,None,None
4146744,63771301611522,None,None,None
4146761,63771301611545,None,None,None
4146778,63771301611551,None,None,None
4146778,63771301611556,None,None,None
4146794,63771301611567,None,None,None
4146794,63771301611577,None,None,None
4146811,63771301611589,None,None,None
4146828,63771301611599,None,None,None
4146844,63771301611611,None,None,None
4146844,63771301611622,None,None,None
4146861,63771301611634,None,None,None
4146886,63771301611644,None,None,None
4146886,63771301611656,None,None,None
4146894,63771301611666,None,None,None
4146903,63771301611677,None,None,None
4146919,63771301611689,None,None,None
4146919,63771301611699,None,None,None
4146936,63771301611711,None,None,None
4146953,63771301611723,None,None,None
4146953,63771301611733,None,None,None
4146969,63771301611745,None,None,None
4146986,63771301611755,None,None,None
4146986,63771301611766,None,None,None
4147003,63771301611777,None,None,None
4147019,63771301611789,None,None,None
4147036,63771301611800,None,None,None
4147036,63771301611811,None,None,None
4147044,63771301611822,None,None,None
4147061,63771301611834,None,None,None
4147061,63771301611844,None,None,None
4147078,63771301611855,None,None,None
4147094,63771301611867,None,None,None
4147111,63771301611888,None,None,None
4147111,63771301611893,None,None,None
4147128,63771301611899,None,None,None
4147144,63771301611912,None,None,None
4147144,63771301611922,None,None,None
4147161,63771301611934,None,None,None
4147178,63771301611945,None,None,None
4147178,63771301611957,None,None,None
4147186,63771301611967,None,None,None
4147203,63771301611979,None,None,None
4147219,63771301611990,None,None,None
4147219,63771301612001,None,None,None
4147236,63771301612012,None,None,None
4147253,63771301612023,None,None,None
4147253,63771301612034,None,None,None
4147269,63771301612046,None,None,None
4147286,63771301612057,None,None,None
4147303,63771301612068,None,None,None
4147303,63771301612078,None,None,None
4147319,63771301612090,None,None,None
4147336,63771301612101,None,None,None
4147336,63771301612112,None,None,None
4147344,63771301612123,None,None,None
4147361,63771301612135,None,None,None
4147361,63771301612145,None,None,None
4147378,63771301612157,None,None,None
4147394,63771301612167,None,None,None
4147411,63771301612179,None,None,None
4147411,63771301612190,None,None,None
4147428,63771301612201,None,None,None
4147444,63771301612212,None,None,None
4147461,63771301612235,None,None,None
4147469,63771301612241,None,None,None
4147469,63771301612246,None,None,None
4147486,63771301612255,None,None,None
4147486,63771301612266,None,None,None
4147503,63771301612277,None,None,None
4147519,63771301612289,None,None,None
4147519,63771301612299,None,None,None
4147536,63771301612310,None,None,None
4147553,63771301612322,None,None,None
4147553,63771301612332,None,None,None
4147569,63771301612344,None,None,None
4147586,63771301612355,None,None,None
4147603,63771301612366,None,None,None
4147603,63771301612377,None,None,None
4147619,63771301612388,None,None,None
4147628,63771301612400,None,None,None
4147628,63771301612411,None,None,None
4147644,63771301612421,None,None,None
4147661,63771301612434,None,None,None
4147661,63771301612443,None,None,None
4147677,63771301612455,None,None,None
4147694,63771301612466,None,None,None
4147694,63771301612478,None,None,None
4147711,63771301612488,None,None,None
4147727,63771301612499,None,None,None
4147744,63771301612510,None,None,None
4147744,63771301612521,None,None,None
4147761,63771301612533,None,None,None
4147777,63771301612545,None,None,None
4147777,63771301612555,None,None,None
4147811,63771301612577,None,None,None
4147811,63771301612583,None,None,None
4147811,63771301612588,None,None,None
4147819,63771301612599,None,None,None
4147836,63771301612610,None,None,None
4147852,63771301612622,None,None,None
4147852,63771301612632,None,None,None
4147869,63771301612645,None,None,None
4147886,63771301612655,None,None,None
4147886,63771301612666,None,None,None
4147902,63771301612677,None,None,None
4147919,63771301612688,None,None,None
4147944,63771301612700,None,None,None
4147944,63771301612711,None,None,None
4147952,63771301612722,None,None,None
4147961,63771301612735,None,None,None
4147961,63771301612744,None,None,None
4147977,63771301612755,None,None,None
4147994,63771301612766,None,None,None
4147994,63771301612777,None,None,None
4148011,63771301612788,None,None,None
4148027,63771301612799,None,None,None
4148044,63771301612811,None,None,None
4148044,63771301612822,None,None,None
4148061,63771301612833,None,None,None
4148077,63771301612845,None,None,None
4148077,63771301612855,None,None,None
4148086,63771301612866,None,None,None
4148102,63771301612877,None,None,None
4148119,63771301612889,None,None,None
4148119,63771301612899,None,None,None
4148152,63771301612921,None,None,None
4148152,63771301612927,None,None,None
4148152,63771301612932,None,None,None
4148169,63771301612946,None,None,None
4148186,63771301612955,None,None,None
4148186,63771301612967,None,None,None
4148202,63771301612977,None,None,None
4148219,63771301612989,None,None,None
4148236,63771301613000,None,None,None
4148236,63771301613011,None,None,None
4148244,63771301613022,None,None,None
4148261,63771301613035,None,None,None
4148261,63771301613045,None,None,None
4148277,63771301613056,None,None,None
4148294,63771301613067,None,None,None
4148294,63771301613078,None,None,None
4148311,63771301613089,None,None,None
4148327,63771301613100,None,None,None
4148344,63771301613112,None,None,None
4148344,63771301613122,None,None,None
4148361,63771301613133,None,None,None
4148377,63771301613146,None,None,None
4148377,63771301613156,None,None,None
4148394,63771301613167,None,None,None
4148411,63771301613178,None,None,None
4148419,63771301613189,None,None,None
4148419,63771301613200,None,None,None
4148436,63771301613211,None,None,None
4148452,63771301613222,None,None,None
4148452,63771301613234,None,None,None
4148469,63771301613245,None,None,None
4148486,63771301613266,None,None,None
4148502,63771301613271,None,None,None
4148502,63771301613277,None,None,None
4148519,63771301613289,None,None,None
4148536,63771301613301,None,None,None
4148536,63771301613312,None,None,None
4148544,63771301613323,None,None,None
4148561,63771301613334,None,None,None
4148561,63771301613344,None,None,None
4148577,63771301613357,None,None,None
4148594,63771301613367,None,None,None
4148611,63771301613378,None,None,None
4148611,63771301613389,None,None,None
4148627,63771301613400,None,None,None
4148644,63771301613411,None,None,None
4148644,63771301613423,None,None,None
4148661,63771301613434,None,None,None
4148677,63771301613446,None,None,None
4148677,63771301613456,None,None,None
4148694,63771301613467,None,None,None
4148702,63771301613478,None,None,None
4148719,63771301613490,None,None,None
4148719,63771301613500,None,None,None
4148736,63771301613512,None,None,None
4148752,63771301613522,None,None,None
4148752,63771301613534,None,None,None
4148769,63771301613544,None,None,None
4148786,63771301613556,None,None,None
4148786,63771301613567,None,None,None
4148802,63771301613578,None,None,None
4148819,63771301613589,None,None,None
4148836,63771301613611,None,None,None
4148852,63771301613617,None,None,None
4148852,63771301613622,None,None,None
4148869,63771301613634,None,None,None
4148869,63771301613644,None,None,None
4148877,63771301613656,None,None,None
4148894,63771301613667,None,None,None
4148894,63771301613678,None,None,None
4148911,63771301613689,None,None,None
4148927,63771301613700,None,None,None
4148927,63771301613711,None,None,None
4148944,63771301613723,None,None,None
4148961,63771301613733,None,None,None
4148977,63771301613746,None,None,None
4148977,63771301613755,None,None,None
4148994,63771301613767,None,None,None
4149011,63771301613778,None,None,None
4149011,63771301613789,None,None,None
4149027,63771301613800,None,None,None
4149044,63771301613811,None,None,None
4149044,63771301613822,None,None,None
4149069,63771301613834,None,None,None
4149077,63771301613844,None,None,None
4149077,63771301613856,None,None,None
4149086,63771301613866,None,None,None
4149102,63771301613878,None,None,None
4149119,63771301613889,None,None,None
4149119,63771301613900,None,None,None
4149136,63771301613911,None,None,None
4149152,63771301613922,None,None,None
4149152,63771301613933,None,None,None
4149186,63771301613956,None,None,None
4149186,63771301613962,None,None,None
4149186,63771301613967,None,None,None
4149202,63771301613978,None,None,None
4149219,63771301613988,None,None,None
4149219,63771301613999,None,None,None
4149235,63771301614010,None,None,None
4149252,63771301614021,None,None,None
4149269,63771301614032,None,None,None
4149269,63771301614044,None,None,None
4149277,63771301614054,None,None,None
4149294,63771301614066,None,None,None
4149294,63771301614077,None,None,None
4149310,63771301614088,None,None,None
4149327,63771301614099,None,None,None
4149327,63771301614110,None,None,None
4149344,63771301614121,None,None,None
4149360,63771301614134,None,None,None
4149360,63771301614143,None,None,None
4149377,63771301614155,None,None,None
4149394,63771301614165,None,None,None
4149410,63771301614178,None,None,None
4149410,63771301614188,None,None,None
4149427,63771301614199,None,None,None
4149444,63771301614210,None,None,None
4149444,63771301614222,None,None,None
4149460,63771301614232,None,None,None
4149477,63771301614244,None,None,None
4149477,63771301614254,None,None,None
4149485,63771301614266,None,None,None
4149502,63771301614277,None,None,None
4149519,63771301614299,None,None,None
4149535,63771301614304,None,None,None
4149535,63771301614310,None,None,None
4149552,63771301614321,None,None,None
4149552,63771301614332,None,None,None
4149569,63771301614344,None,None,None
4149585,63771301614355,None,None,None
4149585,63771301614366,None,None,None
4149602,63771301614377,None,None,None
4149619,63771301614388,None,None,None
4149619,63771301614399,None,None,None
4149635,63771301614410,None,None,None
4149652,63771301614421,None,None,None
4149669,63771301614434,None,None,None
4149669,63771301614444,None,None,None
4149677,63771301614455,None,None,None
4149694,63771301614466,None,None,None
4149694,63771301614477,None,None,None
4149710,63771301614488,None,None,None
4149727,63771301614500,None,None,None
4149727,63771301614510,None,None,None
4149744,63771301614521,None,None,None
4149760,63771301614532,None,None,None
4149777,63771301614544,None,None,None
4149777,63771301614554,None,None,None
4149794,63771301614566,None,None,None
4149810,63771301614578,None,None,None
4149810,63771301614588,None,None,None
4149827,63771301614599,None,None,None
4149844,63771301614611,None,None,None
4149844,63771301614621,None,None,None
4149869,63771301614644,None,None,None
4149869,63771301614651,None,None,None
4149885,63771301614656,None,None,None
4149885,63771301614666,None,None,None
4149902,63771301614676,None,None,None
4149919,63771301614688,None,None,None
4149919,63771301614698,None,None,None
4149935,63771301614710,None,None,None
4149952,63771301614721,None,None,None
4149969,63771301614734,None,None,None
4149969,63771301614743,None,None,None
4149985,63771301614754,None,None,None
4149985,63771301614765,None,None,None
4150002,63771301614777,None,None,None
4150027,63771301614788,None,None,None
4150035,63771301614799,None,None,None
4150035,63771301614810,None,None,None
4150044,63771301614821,None,None,None
4150060,63771301614832,None,None,None
4150060,63771301614844,None,None,None
4150077,63771301614854,None,None,None
4150094,63771301614865,None,None,None
4150094,63771301614876,None,None,None
4150110,63771301614887,None,None,None
4150127,63771301614898,None,None,None
4150127,63771301614909,None,None,None
4150144,63771301614921,None,None,None
4150160,63771301614933,None,None,None
4150177,63771301614943,None,None,None
4150177,63771301614954,None,None,None
4150194,63771301614965,None,None,None
4150210,63771301614988,None,None,None
4150227,63771301614994,None,None,None
4150227,63771301614999,None,None,None
4150235,63771301615010,None,None,None
4150235,63771301615020,None,None,None
4150252,63771301615031,None,None,None
4150269,63771301615043,None,None,None
4150285,63771301615055,None,None,None
4150285,63771301615065,None,None,None
4150302,63771301615077,None,None,None
4150319,63771301615087,None,None,None
4150319,63771301615098,None,None,None
4150335,63771301615109,None,None,None
4150352,63771301615121,None,None,None
4150352,63771301615131,None,None,None
4150369,63771301615143,None,None,None
4150385,63771301615154,None,None,None
4150385,63771301615165,None,None,None
4150402,63771301615176,None,None,None
4150419,63771301615187,None,None,None
4150435,63771301615198,None,None,None
4150435,63771301615209,None,None,None
4150444,63771301615220,None,None,None
4150460,63771301615232,None,None,None
4150460,63771301615243,None,None,None
4150477,63771301615255,None,None,None
4150494,63771301615264,None,None,None
4150494,63771301615276,None,None,None
4150510,63771301615287,None,None,None
4150527,63771301615298,None,None,None
4150544,63771301615310,None,None,None
4150560,63771301615331,None,None,None
4150560,63771301615336,None,None,None
4150577,63771301615342,None,None,None
4150577,63771301615354,None,None,None
4150594,63771301615365,None,None,None
4150610,63771301615376,None,None,None
4150752,63771301615525,None,None,None
4150785,63771301615562,None,None,None
4150810,63771301615569,None,None,None
4150810,63771301615576,None,None,None
4150818,63771301615582,None,None,None
4150818,63771301615587,None,None,None
4150827,63771301615598,None,None,None
4150827,63771301615609,None,None,None
4150843,63771301615620,None,None,None
4150860,63771301615631,None,None,None
4150860,63771301615642,None,None,None
4150877,63771301615654,None,None,None
4150893,63771301615664,None,None,None
4150893,63771301615676,None,None,None
4150910,63771301615686,None,None,None
4150927,63771301615698,None,None,None
4150927,63771301615708,None,None,None
4150943,63771301615720,None,None,None
4150960,63771301615731,None,None,None
4150977,63771301615743,None,None,None
4150977,63771301615753,None,None,None
4150993,63771301615764,None,None,None
4151002,63771301615776,None,None,None
4151002,63771301615786,None,None,None
4151018,63771301615798,None,None,None
4151035,63771301615819,None,None,None
4151052,63771301615824,None,None,None
4151052,63771301615831,None,None,None
4151068,63771301615843,None,None,None
4151085,63771301615853,None,None,None
4151085,63771301615864,None,None,None
4151102,63771301615875,None,None,None
4151118,63771301615886,None,None,None
4151118,63771301615897,None,None,None
4151135,63771301615909,None,None,None
4151143,63771301615920,None,None,None
4151160,63771301615931,None,None,None
4151160,63771301615942,None,None,None
4151177,63771301615954,None,None,None
4151193,63771301615964,None,None,None
4151193,63771301615976,None,None,None
4151210,63771301615987,None,None,None
4151227,63771301615998,None,None,None
4151227,63771301616008,None,None,None
4151243,63771301616019,None,None,None
4151260,63771301616031,None,None,None
4151277,63771301616043,None,None,None
4151277,63771301616053,None,None,None
4151293,63771301616064,None,None,None
4151310,63771301616076,None,None,None
4151310,63771301616087,None,None,None
4151327,63771301616097,None,None,None
4151335,63771301616109,None,None,None
4151335,63771301616120,None,None,None
4151352,63771301616131,None,None,None
4151368,63771301616143,None,None,None
4151385,63771301616167,None,None,None
4151402,63771301616174,None,None,None
4151402,63771301616179,None,None,None
4151418,63771301616186,None,None,None
4151418,63771301616197,None,None,None
4151435,63771301616209,None,None,None
4151452,63771301616219,None,None,None
4151452,63771301616231,None,None,None
4151468,63771301616242,None,None,None
4151485,63771301616254,None,None,None
4151485,63771301616263,None,None,None
4151502,63771301616276,None,None,None
4151518,63771301616286,None,None,None
4151527,63771301616298,None,None,None
4151527,63771301616308,None,None,None
4151543,63771301616320,None,None,None
4151560,63771301616331,None,None,None
4151560,63771301616343,None,None,None
4151577,63771301616353,None,None,None
4151593,63771301616364,None,None,None
4151593,63771301616375,None,None,None
4151610,63771301616386,None,None,None
4151627,63771301616398,None,None,None
4151643,63771301616409,None,None,None
4151643,63771301616419,None,None,None
4151660,63771301616431,None,None,None
4151677,63771301616441,None,None,None
4151677,63771301616454,None,None,None
4151693,63771301616464,None,None,None
4151702,63771301616476,None,None,None
4151702,63771301616486,None,None,None
4151735,63771301616508,None,None,None
4151735,63771301616513,None,None,None
4151735,63771301616519,None,None,None
4151752,63771301616530,None,None,None
4151768,63771301616541,None,None,None
4151785,63771301616554,None,None,None
4151785,63771301616563,None,None,None
4151802,63771301616575,None,None,None
4151818,63771301616586,None,None,None
4151818,63771301616597,None,None,None
4151835,63771301616609,None,None,None
4151852,63771301616620,None,None,None
4151852,63771301616631,None,None,None
4151868,63771301616643,None,None,None
4151885,63771301616654,None,None,None
4151902,63771301616665,None,None,None
4151902,63771301616676,None,None,None
4151910,63771301616687,None,None,None
4151927,63771301616699,None,None,None
4151927,63771301616709,None,None,None
4151943,63771301616721,None,None,None
4151960,63771301616732,None,None,None
4151960,63771301616743,None,None,None
4151977,63771301616755,None,None,None
4151993,63771301616765,None,None,None
4151993,63771301616776,None,None,None
4152010,63771301616787,None,None,None
4152027,63771301616798,None,None,None
4152043,63771301616810,None,None,None
4152043,63771301616820,None,None,None
4152060,63771301616832,None,None,None
4152093,63771301616860,None,None,None
4152093,63771301616865,None,None,None
4152093,63771301616870,None,None,None
4152102,63771301616875,None,None,None
4152102,63771301616887,None,None,None
4152118,63771301616898,None,None,None
4152135,63771301616909,None,None,None
4152135,63771301616920,None,None,None
4152152,63771301616931,None,None,None
4152168,63771301616942,None,None,None
4152185,63771301616954,None,None,None
4152185,63771301616965,None,None,None
4152202,63771301616976,None,None,None
4152218,63771301616987,None,None,None
4152218,63771301616998,None,None,None
4152235,63771301617010,None,None,None
4152252,63771301617020,None,None,None
4152252,63771301617031,None,None,None
4152268,63771301617044,None,None,None
4152285,63771301617053,None,None,None
4152301,63771301617065,None,None,None
4152301,63771301617076,None,None,None
4152310,63771301617087,None,None,None
4152326,63771301617098,None,None,None
4152326,63771301617109,None,None,None
4152343,63771301617121,None,None,None
4152360,63771301617132,None,None,None
4152360,63771301617142,None,None,None
4152376,63771301617155,None,None,None
4152393,63771301617165,None,None,None
4152393,63771301617176,None,None,None
4152426,63771301617198,None,None,None
4152426,63771301617205,None,None,None
4152443,63771301617211,None,None,None
4152443,63771301617220,None,None,None
4152460,63771301617231,None,None,None
4152476,63771301617244,None,None,None
4152476,63771301617253,None,None,None
4152493,63771301617264,None,None,None
4152510,63771301617276,None,None,None
4152510,63771301617286,None,None,None
4152518,63771301617297,None,None,None
4152535,63771301617309,None,None,None
4152535,63771301617320,None,None,None
4152551,63771301617330,None,None,None
4152568,63771301617342,None,None,None
4152585,63771301617354,None,None,None
4152585,63771301617365,None,None,None
4152601,63771301617376,None,None,None
4152618,63771301617387,None,None,None
4152618,63771301617397,None,None,None
4152635,63771301617409,None,None,None
4152651,63771301617420,None,None,None
4152651,63771301617431,None,None,None
4152668,63771301617443,None,None,None
4152685,63771301617453,None,None,None
4152693,63771301617465,None,None,None
4152693,63771301617475,None,None,None
4152710,63771301617487,None,None,None
4152726,63771301617497,None,None,None
4152726,63771301617508,None,None,None
4152743,63771301617520,None,None,None
4152776,63771301617543,None,None,None
4152776,63771301617548,None,None,None
4152776,63771301617552,None,None,None
4152793,63771301617564,None,None,None
4152810,63771301617575,None,None,None
4152810,63771301617586,None,None,None
4152826,63771301617597,None,None,None
4152835,63771301617609,None,None,None
4152835,63771301617620,None,None,None
4152851,63771301617630,None,None,None
4152868,63771301617642,None,None,None
4152885,63771301617654,None,None,None
4152885,63771301617664,None,None,None
4152901,63771301617676,None,None,None
4152901,63771301617686,None,None,None
4152918,63771301617698,None,None,None
4152935,63771301617709,None,None,None
4152951,63771301617721,None,None,None
4152951,63771301617731,None,None,None
4152968,63771301617744,None,None,None
4152985,63771301617753,None,None,None
4152985,63771301617764,None,None,None
4153010,63771301617775,None,None,None
4153018,63771301617787,None,None,None
4153026,63771301617797,None,None,None
4153026,63771301617808,None,None,None
4153043,63771301617819,None,None,None
4153060,63771301617831,None,None,None
4153060,63771301617842,None,None,None
4153076,63771301617854,None,None,None
4153093,63771301617865,None,None,None
4153110,63771301617887,None,None,None
4153126,63771301617896,None,None,None
4153126,63771301617901,None,None,None
4153143,63771301617909,None,None,None
4153143,63771301617920,None,None,None
4153160,63771301617931,None,None,None
4153176,63771301617942,None,None,None
4153176,63771301617954,None,None,None
4153193,63771301617964,None,None,None
4153210,63771301617976,None,None,None
4153210,63771301617986,None,None,None
4153218,63771301617997,None,None,None
4153235,63771301618010,None,None,None
4153235,63771301618019,None,None,None
4153251,63771301618030,None,None,None
4153268,63771301618043,None,None,None
4153285,63771301618053,None,None,None
4153285,63771301618064,None,None,None
4153301,63771301618075,None,None,None
4153318,63771301618086,None,None,None
4153318,63771301618097,None,None,None
4153335,63771301618109,None,None,None
4153351,63771301618119,None,None,None
4153351,63771301618131,None,None,None
4153368,63771301618142,None,None,None
4153376,63771301618154,None,None,None
4153393,63771301618164,None,None,None
4153393,63771301618175,None,None,None
4153410,63771301618186,None,None,None
4153426,63771301618197,None,None,None
4153426,63771301618210,None,None,None
4153460,63771301618231,None,None,None
4153460,63771301618236,None,None,None
4153460,63771301618242,None,None,None
4153476,63771301618254,None,None,None
4153493,63771301618264,None,None,None
4153510,63771301618276,None,None,None
4153510,63771301618286,None,None,None
4153526,63771301618298,None,None,None
4153543,63771301618309,None,None,None
4153543,63771301618320,None,None,None
4153551,63771301618331,None,None,None
4153568,63771301618343,None,None,None
4153568,63771301618353,None,None,None
4153585,63771301618364,None,None,None
4153601,63771301618375,None,None,None
4153618,63771301618386,None,None,None
4153618,63771301618397,None,None,None
4153635,63771301618408,None,None,None
4153651,63771301618420,None,None,None
4153651,63771301618430,None,None,None
4153668,63771301618442,None,None,None
4153685,63771301618454,None,None,None
4153685,63771301618464,None,None,None
4153701,63771301618476,None,None,None
4153718,63771301618486,None,None,None
4153718,63771301618497,None,None,None
4153743,63771301618508,None,None,None
4153751,63771301618519,None,None,None
4153760,63771301618530,None,None,None
4153760,63771301618543,None,None,None
4153776,63771301618553,None,None,None
4153793,63771301618575,None,None,None
4153810,63771301618581,None,None,None
4153810,63771301618586,None,None,None
4153826,63771301618597,None,None,None
4153826,63771301618608,None,None,None
4153843,63771301618620,None,None,None
4153859,63771301618631,None,None,None
4153876,63771301618643,None,None,None
4153876,63771301618652,None,None,None
4153893,63771301618664,None,None,None
4153918,63771301618675,None,None,None
4153918,63771301618686,None,None,None
4153926,63771301618697,None,None,None
4153934,63771301618708,None,None,None
4153951,63771301618720,None,None,None
4153951,63771301618732,None,None,None
4153968,63771301618742,None,None,None
4153984,63771301618754,None,None,None
4153984,63771301618764,None,None,None
4154001,63771301618775,None,None,None
4154018,63771301618787,None,None,None
4154018,63771301618798,None,None,None
4154034,63771301618808,None,None,None
4154051,63771301618819,None,None,None
4154059,63771301618830,None,None,None
4154059,63771301618843,None,None,None
4154076,63771301618852,None,None,None
4154093,63771301618864,None,None,None
4154093,63771301618874,None,None,None
4154109,63771301618886,None,None,None
4154126,63771301618897,None,None,None
4154143,63771301618918,None,None,None
4154143,63771301618922,None,None,None
4154159,63771301618930,None,None,None
4154176,63771301618941,None,None,None
4154176,63771301618952,None,None,None
4154193,63771301618965,None,None,None
4154201,63771301618975,None,None,None
4154201,63771301618988,None,None,None
4154218,63771301618998,None,None,None
4154234,63771301619010,None,None,None
4154251,63771301619020,None,None,None
4154251,63771301619031,None,None,None
4154268,63771301619043,None,None,None
4154284,63771301619055,None,None,None
4154284,63771301619065,None,None,None
4154301,63771301619076,None,None,None
4154318,63771301619087,None,None,None
4154318,63771301619098,None,None,None
4154334,63771301619109,None,None,None
4154351,63771301619120,None,None,None
4154351,63771301619132,None,None,None
4154368,63771301619143,None,None,None
4154384,63771301619153,None,None,None
4154401,63771301619165,None,None,None
4154401,63771301619176,None,None,None
4154409,63771301619187,None,None,None
4154426,63771301619198,None,None,None
4154426,63771301619209,None,None,None
4154443,63771301619220,None,None,None
4154459,63771301619232,None,None,None
4154459,63771301619243,None,None,None
4154493,63771301619266,None,None,None
4154493,63771301619272,None,None,None
4154509,63771301619278,None,None,None
4154509,63771301619286,None,None,None
4154526,63771301619297,None,None,None
4154543,63771301619308,None,None,None
4154543,63771301619319,None,None,None
4154559,63771301619330,None,None,None
4154576,63771301619341,None,None,None
4154576,63771301619353,None,None,None
4154601,63771301619364,None,None,None
4154609,63771301619375,None,None,None
4154609,63771301619385,None,None,None
4154618,63771301619396,None,None,None
4154634,63771301619407,None,None,None
4154634,63771301619419,None,None,None
4154651,63771301619429,None,None,None
4154668,63771301619441,None,None,None
4154668,63771301619452,None,None,None
4154684,63771301619465,None,None,None
4154701,63771301619475,None,None,None
4154718,63771301619486,None,None,None
4154718,63771301619496,None,None,None
4154734,63771301619508,None,None,None
4154751,63771301619519,None,None,None
4154751,63771301619530,None,None,None
4154768,63771301619541,None,None,None
4154784,63771301619552,None,None,None
4154784,63771301619562,None,None,None
4154793,63771301619574,None,None,None
4154809,63771301619586,None,None,None
4154826,63771301619607,None,None,None
4154843,63771301619613,None,None,None
4154843,63771301619619,None,None,None
4154859,63771301619630,None,None,None
4154859,63771301619641,None,None,None
4154876,63771301619653,None,None,None
4154893,63771301619663,None,None,None
4154909,63771301619676,None,None,None
4154909,63771301619685,None,None,None
4154926,63771301619696,None,None,None
4154943,63771301619708,None,None,None
4154943,63771301619720,None,None,None
4154959,63771301619730,None,None,None
4154976,63771301619741,None,None,None
4154976,63771301619752,None,None,None
4154984,63771301619764,None,None,None
4155001,63771301619774,None,None,None
4155001,63771301619785,None,None,None
4155018,63771301619797,None,None,None
4155034,63771301619808,None,None,None
4155034,63771301619818,None,None,None
4155051,63771301619830,None,None,None
4155068,63771301619841,None,None,None
4155084,63771301619853,None,None,None
4155084,63771301619863,None,None,None
4155101,63771301619875,None,None,None
4155118,63771301619886,None,None,None
4155118,63771301619896,None,None,None
4155134,63771301619907,None,None,None
4155151,63771301619918,None,None,None
4155151,63771301619930,None,None,None
4155184,63771301619952,None,None,None
4155184,63771301619958,None,None,None
4155193,63771301619964,None,None,None
4155193,63771301619974,None,None,None
4155209,63771301619985,None,None,None
4155226,63771301619996,None,None,None
4155226,63771301620007,None,None,None
4155243,63771301620018,None,None,None
4155259,63771301620030,None,None,None
4155259,63771301620041,None,None,None
4155276,63771301620051,None,None,None
4155293,63771301620064,None,None,None
4155293,63771301620074,None,None,None
4155309,63771301620085,None,None,None
4155326,63771301620096,None,None,None
4155343,63771301620107,None,None,None
4155343,63771301620118,None,None,None
4155359,63771301620129,None,None,None
4155384,63771301620140,None,None,None
4155384,63771301620152,None,None,None
4155392,63771301620162,None,None,None
4155401,63771301620174,None,None,None
4155401,63771301620184,None,None,None
4155417,63771301620196,None,None,None
4155434,63771301620207,None,None,None
4155434,63771301620218,None,None,None
4155451,63771301620229,None,None,None
4155467,63771301620240,None,None,None
4155484,63771301620251,None,None,None
4155484,63771301620264,None,None,None
4155501,63771301620274,None,None,None
4155517,63771301620295,None,None,None
4155534,63771301620301,None,None,None
4155534,63771301620306,None,None,None
4155551,63771301620318,None,None,None
4155551,63771301620329,None,None,None
4155567,63771301620340,None,None,None
4155576,63771301620352,None,None,None
4155592,63771301620364,None,None,None
4155592,63771301620374,None,None,None
4155609,63771301620385,None,None,None
4155626,63771301620396,None,None,None
4155626,63771301620407,None,None,None
4155642,63771301620418,None,None,None
4155659,63771301620429,None,None,None
4155676,63771301620441,None,None,None
4155676,63771301620453,None,None,None
4155692,63771301620463,None,None,None
4155709,63771301620475,None,None,None
4155709,63771301620485,None,None,None
4155717,63771301620496,None,None,None
4155734,63771301620508,None,None,None
4155734,63771301620518,None,None,None
4155751,63771301620530,None,None,None
4155767,63771301620541,None,None,None
4155767,63771301620551,None,None,None
4155784,63771301620564,None,None,None
4155801,63771301620574,None,None,None
4155817,63771301620585,None,None,None
4155817,63771301620596,None,None,None
4155834,63771301620607,None,None,None
4155851,63771301620618,None,None,None
4155867,63771301620640,None,None,None
4155867,63771301620645,None,None,None
4155884,63771301620651,None,None,None
4155901,63771301620664,None,None,None
4155901,63771301620674,None,None,None
4155917,63771301620686,None,None,None
4155926,63771301620697,None,None,None
4155926,63771301620708,None,None,None
4155942,63771301620719,None,None,None
4155959,63771301620731,None,None,None
4155959,63771301620741,None,None,None
4155976,63771301620753,None,None,None
4155992,63771301620764,None,None,None
4155992,63771301620775,None,None,None
4156009,63771301620786,None,None,None
4156026,63771301620797,None,None,None
4156042,63771301620808,None,None,None
4156042,63771301620819,None,None,None
4156067,63771301620830,None,None,None
4156076,63771301620841,None,None,None
4156084,63771301620864,None,None,None
4156101,63771301620874,None,None,None
4156101,63771301620885,None,None,None
4156117,63771301620896,None,None,None
4156134,63771301620907,None,None,None
4156151,63771301620919,None,None,None
4156151,63771301620929,None,None,None
4156167,63771301620940,None,None,None
4156184,63771301620953,None,None,None
4156184,63771301620963,None,None,None
4156201,63771301620975,None,None,None
4156234,63771301620999,None,None,None
4156234,63771301621004,None,None,None
4156234,63771301621009,None,None,None
4156251,63771301621018,None,None,None
4156251,63771301621029,None,None,None
4156267,63771301621040,None,None,None
4156276,63771301621051,None,None,None
4156292,63771301621063,None,None,None
4156292,63771301621073,None,None,None
4156309,63771301621084,None,None,None
4156326,63771301621096,None,None,None
4156326,63771301621106,None,None,None
4156342,63771301621117,None,None,None
4156359,63771301621129,None,None,None
4156359,63771301621140,None,None,None
4156376,63771301621152,None,None,None
4156392,63771301621162,None,None,None
4156409,63771301621173,None,None,None
4156409,63771301621184,None,None,None
4156426,63771301621195,None,None,None
4156442,63771301621206,None,None,None
4156442,63771301621218,None,None,None
4156451,63771301621229,None,None,None
4156467,63771301621240,None,None,None
4156467,63771301621250,None,None,None
4156484,63771301621263,None,None,None
4156501,63771301621273,None,None,None
4156501,63771301621284,None,None,None
4156517,63771301621295,None,None,None
4156534,63771301621306,None,None,None
4156551,63771301621318,None,None,None
4156567,63771301621340,None,None,None
4156567,63771301621346,None,None,None
4156584,63771301621351,None,None,None
4156584,63771301621364,None,None,None
4156601,63771301621374,None,None,None
4156617,63771301621386,None,None,None
4156617,63771301621396,None,None,None
4156634,63771301621407,None,None,None
4156651,63771301621418,None,None,None
4156651,63771301621429,None,None,None
4156659,63771301621441,None,None,None
4156676,63771301621453,None,None,None
4156692,63771301621463,None,None,None
4156692,63771301621475,None,None,None
4156709,63771301621485,None,None,None
4156726,63771301621496,None,None,None
4156726,63771301621507,None,None,None
4156742,63771301621518,None,None,None
4156759,63771301621529,None,None,None
4156759,63771301621541,None,None,None
4156776,63771301621551,None,None,None
4156792,63771301621564,None,None,None
4156809,63771301621574,None,None,None
4156809,63771301621585,None,None,None
4156826,63771301621596,None,None,None
4156834,63771301621607,None,None,None
4156834,63771301621618,None,None,None
4156851,63771301621629,None,None,None
4156867,63771301621641,None,None,None
4156867,63771301621651,None,None,None
4156884,63771301621663,None,None,None
4156917,63771301621685,None,None,None
4156917,63771301621690,None,None,None
4156917,63771301621695,None,None,None
4156934,63771301621708,None,None,None
4156950,63771301621719,None,None,None
4156975,63771301621731,None,None,None
4156975,63771301621741,None,None,None
4156984,63771301621752,None,None,None
4156992,63771301621763,None,None,None
4156992,63771301621776,None,None,None
4157009,63771301621785,None,None,None
4157025,63771301621797,None,None,None
4157025,63771301621807,None,None,None
4157042,63771301621818,None,None,None
4157059,63771301621830,None,None,None
4157059,63771301621841,None,None,None
4157075,63771301621852,None,None,None
4157092,63771301621864,None,None,None
4157109,63771301621874,None,None,None
4157109,63771301621885,None,None,None
4157125,63771301621896,None,None,None
4157142,63771301621908,None,None,None
4157142,63771301621918,None,None,None
4157159,63771301621930,None,None,None
4157167,63771301621941,None,None,None
4157167,63771301621951,None,None,None
4157184,63771301621963,None,None,None
4157200,63771301621975,None,None,None
4157200,63771301621985,None,None,None
4157217,63771301621996,None,None,None
4157234,63771301622008,None,None,None
4157250,63771301622029,None,None,None
4157267,63771301622035,None,None,None
4157267,63771301622040,None,None,None
4157284,63771301622052,None,None,None
4157284,63771301622063,None,None,None
4157300,63771301622074,None,None,None
4157317,63771301622085,None,None,None
4157317,63771301622096,None,None,None
4157334,63771301622107,None,None,None
4157350,63771301622118,None,None,None
4157350,63771301622129,None,None,None
4157359,63771301622141,None,None,None
4157375,63771301622151,None,None,None
4157392,63771301622164,None,None,None
4157392,63771301622174,None,None,None
4157409,63771301622185,None,None,None
4157425,63771301622196,None,None,None
4157425,63771301622207,None,None,None
4157442,63771301622218,None,None,None
4157459,63771301622230,None,None,None
4157459,63771301622241,None,None,None
4157475,63771301622251,None,None,None
4157492,63771301622263,None,None,None
4157509,63771301622275,None,None,None
4157509,63771301622285,None,None,None
4157525,63771301622296,None,None,None
4157542,63771301622307,None,None,None
4157542,63771301622318,None,None,None
4157559,63771301622329,None,None,None
4157567,63771301622340,None,None,None
4157567,63771301622351,None,None,None
4157600,63771301622374,None,None,None
4157600,63771301622380,None,None,None
4157600,63771301622385,None,None,None
4157617,63771301622395,None,None,None
4157634,63771301622407,None,None,None
4157634,63771301622417,None,None,None
4157650,63771301622429,None,None,None
4157667,63771301622440,None,None,None
4157684,63771301622451,None,None,None
4157684,63771301622463,None,None,None
4157700,63771301622473,None,None,None
4157717,63771301622485,None,None,None
4157717,63771301622495,None,None,None
4157734,63771301622506,None,None,None
4157742,63771301622517,None,None,None
4157742,63771301622529,None,None,None
4157759,63771301622540,None,None,None
4157775,63771301622551,None,None,None
4157792,63771301622562,None,None,None
4157792,63771301622574,None,None,None
4157809,63771301622584,None,None,None
4157825,63771301622596,None,None,None
4157825,63771301622607,None,None,None
4157842,63771301622618,None,None,None
4157859,63771301622629,None,None,None
4157859,63771301622639,None,None,None
4157875,63771301622651,None,None,None
4157892,63771301622663,None,None,None
4157909,63771301622673,None,None,None
4157909,63771301622684,None,None,None
4157917,63771301622695,None,None,None
4157934,63771301622717,None,None,None
4157950,63771301622724,None,None,None
4157950,63771301622730,None,None,None
4157967,63771301622740,None,None,None
4157967,63771301622751,None,None,None
4157984,63771301622763,None,None,None
4158000,63771301622773,None,None,None
4158017,63771301622784,None,None,None
4158017,63771301622795,None,None,None
4158034,63771301622807,None,None,None
4158050,63771301622817,None,None,None
4158050,63771301622828,None,None,None
4158067,63771301622840,None,None,None
4158084,63771301622851,None,None,None
4158084,63771301622862,None,None,None
4158100,63771301622874,None,None,None
4158117,63771301622884,None,None,None
4158117,63771301622895,None,None,None
4158125,63771301622906,None,None,None
4158142,63771301622917,None,None,None
4158159,63771301622928,None,None,None
4158159,63771301622940,None,None,None
4158175,63771301622951,None,None,None
4158192,63771301622963,None,None,None
4158192,63771301622973,None,None,None
4158209,63771301622984,None,None,None
4158225,63771301622996,None,None,None
4158225,63771301623006,None,None,None
4158242,63771301623017,None,None,None
4158259,63771301623028,None,None,None
4158275,63771301623040,None,None,None
4158292,63771301623065,None,None,None
4158292,63771301623071,None,None,None
4158317,63771301623077,None,None,None
4158317,63771301623083,None,None,None
4158325,63771301623095,None,None,None
4158334,63771301623106,None,None,None
4158334,63771301623117,None,None,None
4158350,63771301623128,None,None,None
4158367,63771301623140,None,None,None
4158367,63771301623151,None,None,None
4158384,63771301623162,None,None,None
4158400,63771301623173,None,None,None
4158417,63771301623184,None,None,None
4158417,63771301623195,None,None,None
4158433,63771301623206,None,None,None
4158450,63771301623217,None,None,None
4158450,63771301623229,None,None,None
4158467,63771301623239,None,None,None
4158483,63771301623251,None,None,None
4158483,63771301623262,None,None,None
4158500,63771301623274,None,None,None
4158517,63771301623284,None,None,None
4158517,63771301623295,None,None,None
4158525,63771301623306,None,None,None
4158542,63771301623317,None,None,None
4158542,63771301623328,None,None,None
4158558,63771301623340,None,None,None
4158575,63771301623350,None,None,None
4158592,63771301623362,None,None,None
4158592,63771301623372,None,None,None
4158608,63771301623384,None,None,None
4158625,63771301623405,None,None,None
4158642,63771301623410,None,None,None
4158642,63771301623417,None,None,None
4158658,63771301623428,None,None,None
4158658,63771301623439,None,None,None
4158675,63771301623450,None,None,None
4158692,63771301623462,None,None,None
4158708,63771301623474,None,None,None
4158708,63771301623484,None,None,None
4158717,63771301623495,None,None,None
4158733,63771301623506,None,None,None
4158733,63771301623517,None,None,None
4158750,63771301623528,None,None,None
4158767,63771301623539,None,None,None
4158767,63771301623550,None,None,None
4158783,63771301623562,None,None,None
4158800,63771301623572,None,None,None
4158817,63771301623584,None,None,None
4158817,63771301623595,None,None,None
4158833,63771301623606,None,None,None
4158850,63771301623617,None,None,None
4158850,63771301623628,None,None,None
4158867,63771301623639,None,None,None
4158883,63771301623650,None,None,None
4158883,63771301623661,None,None,None
4158900,63771301623673,None,None,None
4158908,63771301623683,None,None,None
4158908,63771301623694,None,None,None
4158925,63771301623706,None,None,None
4158942,63771301623717,None,None,None
4158958,63771301623729,None,None,None
4158975,63771301623750,None,None,None
4158975,63771301623756,None,None,None
4158992,63771301623761,None,None,None
4158992,63771301623773,None,None,None
4159008,63771301623783,None,None,None
4159025,63771301623794,None,None,None
4159025,63771301623806,None,None,None
4159042,63771301623817,None,None,None
4159058,63771301623827,None,None,None
4159075,63771301623839,None,None,None
4159075,63771301623850,None,None,None
4159092,63771301623862,None,None,None
4159100,63771301623872,None,None,None
4159100,63771301623883,None,None,None
4159117,63771301623894,None,None,None
4159133,63771301623906,None,None,None
4159133,63771301623916,None,None,None
4159150,63771301623928,None,None,None
4159167,63771301623939,None,None,None
4159167,63771301623950,None,None,None
4159183,63771301623961,None,None,None
4159200,63771301623973,None,None,None
4159217,63771301623983,None,None,None
4159217,63771301623995,None,None,None
4159233,63771301624005,None,None,None
4159250,63771301624017,None,None,None
4159250,63771301624027,None,None,None
4159267,63771301624039,None,None,None
4159283,63771301624050,None,None,None
4159283,63771301624062,None,None,None
4159300,63771301624072,None,None,None
4159308,63771301624094,None,None,None
4159325,63771301624100,None,None,None
4159325,63771301624105,None,None,None
4159342,63771301624117,None,None,None
4159358,63771301624128,None,None,None
4159358,63771301624139,None,None,None
4159375,63771301624151,None,None,None
4159392,63771301624162,None,None,None
4159392,63771301624173,None,None,None
4159408,63771301624184,None,None,None
4159425,63771301624195,None,None,None
4159425,63771301624206,None,None,None
4159442,63771301624217,None,None,None
4159458,63771301624229,None,None,None
4159475,63771301624239,None,None,None
4159475,63771301624251,None,None,None
4159492,63771301624261,None,None,None
4159500,63771301624274,None,None,None
4159500,63771301624283,None,None,None
4159517,63771301624295,None,None,None
4159533,63771301624306,None,None,None
4159533,63771301624317,None,None,None
4159550,63771301624328,None,None,None
4159567,63771301624339,None,None,None
4159583,63771301624350,None,None,None
4159583,63771301624362,None,None,None
4159600,63771301624373,None,None,None
4159617,63771301624384,None,None,None
4159617,63771301624394,None,None,None
4159633,63771301624406,None,None,None
4159650,63771301624417,None,None,None
4159667,63771301624438,None,None,None
4159667,63771301624444,None,None,None
4159683,63771301624450,None,None,None
4159692,63771301624463,None,None,None
4159692,63771301624473,None,None,None
4159708,63771301624484,None,None,None
4159725,63771301624495,None,None,None
4159725,63771301624506,None,None,None
4159742,63771301624517,None,None,None
4159758,63771301624529,None,None,None
4159758,63771301624539,None,None,None
4159775,63771301624550,None,None,None
4159792,63771301624562,None,None,None
4159792,63771301624574,None,None,None
4159808,63771301624584,None,None,None
4159825,63771301624595,None,None,None
4159842,63771301624606,None,None,None
4159842,63771301624617,None,None,None
4159858,63771301624628,None,None,None
4159875,63771301624639,None,None,None
4159875,63771301624650,None,None,None
4159883,63771301624663,None,None,None
4159900,63771301624673,None,None,None
4159900,63771301624684,None,None,None
4159917,63771301624695,None,None,None
4159933,63771301624706,None,None,None
4159950,63771301624718,None,None,None
4159950,63771301624729,None,None,None
4159966,63771301624739,None,None,None
4159983,63771301624751,None,None,None
4159983,63771301624762,None,None,None
4160016,63771301624785,None,None,None
4160016,63771301624791,None,None,None
4160016,63771301624796,None,None,None
4160033,63771301624805,None,None,None
4160058,63771301624816,None,None,None
4160058,63771301624827,None,None,None
4160066,63771301624838,None,None,None
4160075,63771301624849,None,None,None
4160075,63771301624861,None,None,None
4160091,63771301624873,None,None,None
4160108,63771301624883,None,None,None
4160125,63771301624894,None,None,None
4160125,63771301624905,None,None,None
4160141,63771301624916,None,None,None
4160158,63771301624927,None,None,None
4160158,63771301624938,None,None,None
4160175,63771301624949,None,None,None
4160191,63771301624962,None,None,None
4160191,63771301624971,None,None,None
4160208,63771301624983,None,None,None
4160225,63771301624994,None,None,None
4160241,63771301625005,None,None,None
4160241,63771301625016,None,None,None
4160258,63771301625027,None,None,None
4160266,63771301625038,None,None,None
4160266,63771301625049,None,None,None
4160283,63771301625060,None,None,None
4160300,63771301625072,None,None,None
4160300,63771301625082,None,None,None
4160316,63771301625094,None,None,None
4160333,63771301625105,None,None,None
4160350,63771301625126,None,None,None
4160350,63771301625131,None,None,None
4160366,63771301625138,None,None,None
4160383,63771301625149,None,None,None
4160383,63771301625160,None,None,None
4160400,63771301625173,None,None,None
4160416,63771301625183,None,None,None
4160416,63771301625194,None,None,None
4160433,63771301625205,None,None,None
4160450,63771301625217,None,None,None
4160450,63771301625228,None,None,None
4160466,63771301625239,None,None,None
4160475,63771301625250,None,None,None
4160491,63771301625261,None,None,None
4160491,63771301625272,None,None,None
4160508,63771301625284,None,None,None
4160525,63771301625295,None,None,None
4160525,63771301625306,None,None,None
4160541,63771301625316,None,None,None
4160558,63771301625328,None,None,None
4160558,63771301625339,None,None,None
4160575,63771301625350,None,None,None
4160591,63771301625362,None,None,None
4160608,63771301625373,None,None,None
4160608,63771301625383,None,None,None
4160625,63771301625394,None,None,None
4160641,63771301625406,None,None,None
4160641,63771301625416,None,None,None
4160666,63771301625427,None,None,None
4160675,63771301625439,None,None,None
4160675,63771301625450,None,None,None
4160700,63771301625474,None,None,None
4160700,63771301625479,None,None,None
4160700,63771301625484,None,None,None
4160716,63771301625495,None,None,None
4160733,63771301625504,None,None,None
4160733,63771301625515,None,None,None
4160750,63771301625527,None,None,None
4160766,63771301625538,None,None,None
4160766,63771301625549,None,None,None
4160783,63771301625560,None,None,None
4160800,63771301625571,None,None,None
4160816,63771301625583,None,None,None
4160816,63771301625593,None,None,None
4160833,63771301625605,None,None,None
4160850,63771301625615,None,None,None
4160850,63771301625627,None,None,None
4160866,63771301625638,None,None,None
4160875,63771301625649,None,None,None
4160875,63771301625660,None,None,None
4160891,63771301625672,None,None,None
4160908,63771301625682,None,None,None
4160925,63771301625693,None,None,None
4160925,63771301625704,None,None,None
4160941,63771301625716,None,None,None
4160958,63771301625727,None,None,None
4160958,63771301625738,None,None,None
4160975,63771301625749,None,None,None
4160991,63771301625760,None,None,None
4160991,63771301625771,None,None,None
4161008,63771301625783,None,None,None
4161025,63771301625794,None,None,None
4161041,63771301625817,None,None,None
4161058,63771301625822,None,None,None
4161058,63771301625827,None,None,None
4161075,63771301625839,None,None,None
4161075,63771301625850,None,None,None
4161100,63771301625874,None,None,None
4161100,63771301625883,None,None,None
4161116,63771301625894,None,None,None
4161133,63771301625905,None,None,None
4161150,63771301625918,None,None,None
4161150,63771301625928,None,None,None
4161166,63771301625939,None,None,None
4161183,63771301625950,None,None,None
4161183,63771301625961,None,None,None
4161200,63771301625972,None,None,None
4161216,63771301625985,None,None,None
4161216,63771301625994,None,None,None
4161225,63771301626006,None,None,None
4161241,63771301626016,None,None,None
4161241,63771301626028,None,None,None
4161258,63771301626039,None,None,None
4161275,63771301626050,None,None,None
4161291,63771301626061,None,None,None
4161291,63771301626073,None,None,None
4161308,63771301626083,None,None,None
4161325,63771301626094,None,None,None
4161325,63771301626105,None,None,None
4161341,63771301626116,None,None,None
4161358,63771301626128,None,None,None
4161358,63771301626138,None,None,None
4161375,63771301626150,None,None,None
4161408,63771301626174,None,None,None
4161408,63771301626179,None,None,None
4161408,63771301626184,None,None,None
4161425,63771301626194,None,None,None
4161433,63771301626205,None,None,None
4161433,63771301626216,None,None,None
4161450,63771301626227,None,None,None
4161466,63771301626239,None,None,None
4161466,63771301626249,None,None,None
4161483,63771301626261,None,None,None
4161499,63771301626272,None,None,None
4161516,63771301626284,None,None,None
4161516,63771301626293,None,None,None
4161533,63771301626305,None,None,None
4161533,63771301626316,None,None,None
4161549,63771301626327,None,None,None
4161566,63771301626338,None,None,None
4161583,63771301626349,None,None,None
4161583,63771301626360,None,None,None
4161599,63771301626373,None,None,None
4161624,63771301626383,None,None,None
4161624,63771301626394,None,None,None
4161633,63771301626405,None,None,None
4161641,63771301626416,None,None,None
4161641,63771301626427,None,None,None
4161658,63771301626438,None,None,None
4161674,63771301626449,None,None,None
4161691,63771301626460,None,None,None
4161691,63771301626471,None,None,None
4161708,63771301626484,None,None,None
4161724,63771301626494,None,None,None
4161741,63771301626516,None,None,None
4161741,63771301626521,None,None,None
4161758,63771301626527,None,None,None
4161758,63771301626538,None,None,None
4161774,63771301626549,None,None,None
4161791,63771301626560,None,None,None
4161808,63771301626572,None,None,None
4161808,63771301626583,None,None,None
4161816,63771301626594,None,None,None
4161833,63771301626605,None,None,None
4161833,63771301626616,None,None,None
4161849,63771301626627,None,None,None
4161866,63771301626639,None,None,None
4161866,63771301626649,None,None,None
4161883,63771301626660,None,None,None
4161899,63771301626672,None,None,None
4161916,63771301626682,None,None,None
4161916,63771301626694,None,None,None
4161933,63771301626705,None,None,None
4161949,63771301626716,None,None,None
4161949,63771301626727,None,None,None
4161958,63771301626739,None,None,None
4161974,63771301626750,None,None,None
4161991,63771301626761,None,None,None
4161991,63771301626771,None,None,None
4162008,63771301626784,None,None,None
4162024,63771301626794,None,None,None
4162024,63771301626805,None,None,None
4162041,63771301626816,None,None,None
4162058,63771301626827,None,None,None
4162058,63771301626838,None,None,None
4162091,63771301626860,None,None,None
4162091,63771301626866,None,None,None
4162091,63771301626871,None,None,None
4162108,63771301626883,None,None,None
4162124,63771301626894,None,None,None
4162141,63771301626906,None,None,None
4162141,63771301626916,None,None,None
4162149,63771301626927,None,None,None
4162166,63771301626938,None,None,None
4162166,63771301626949,None,None,None
4162183,63771301626960,None,None,None
4162199,63771301626973,None,None,None
4162199,63771301626982,None,None,None
4162216,63771301626994,None,None,None
4162233,63771301627005,None,None,None
4162249,63771301627016,None,None,None
4162249,63771301627027,None,None,None
4162266,63771301627038,None,None,None
4162283,63771301627049,None,None,None
4162283,63771301627061,None,None,None
4162299,63771301627071,None,None,None
4162316,63771301627083,None,None,None
4162316,63771301627094,None,None,None
4162333,63771301627105,None,None,None
4162341,63771301627116,None,None,None
4162341,63771301627127,None,None,None
4162358,63771301627138,None,None,None
4162374,63771301627149,None,None,None
4162391,63771301627160,None,None,None
4162391,63771301627173,None,None,None
4162408,63771301627183,None,None,None
4162424,63771301627205,None,None,None
4162441,63771301627211,None,None,None
4162441,63771301627216,None,None,None
4162458,63771301627227,None,None,None
4162458,63771301627237,None,None,None
4162474,63771301627249,None,None,None
4162491,63771301627260,None,None,None
4162508,63771301627272,None,None,None
4162508,63771301627282,None,None,None
4162524,63771301627293,None,None,None
4162541,63771301627304,None,None,None
4162541,63771301627315,None,None,None
4162549,63771301627326,None,None,None
4162566,63771301627338,None,None,None
4162566,63771301627349,None,None,None
4162583,63771301627360,None,None,None
4162599,63771301627372,None,None,None
4162599,63771301627383,None,None,None
4162616,63771301627393,None,None,None
4162633,63771301627405,None,None,None
4162633,63771301627415,None,None,None
4162649,63771301627426,None,None,None
4162666,63771301627437,None,None,None
4162683,63771301627449,None,None,None
4162683,63771301627460,None,None,None
4162699,63771301627472,None,None,None
4162716,63771301627482,None,None,None
4162716,63771301627494,None,None,None
4162733,63771301627504,None,None,None
4162741,63771301627516,None,None,None
4162758,63771301627527,None,None,None
4162774,63771301627548,None,None,None
4162774,63771301627553,None,None,None
4162791,63771301627560,None,None,None
4162791,63771301627572,None,None,None
4162808,63771301627582,None,None,None
4162824,63771301627594,None,None,None
4162824,63771301627605,None,None,None
4162841,63771301627616,None,None,None
4162858,63771301627627,None,None,None
4162858,63771301627638,None,None,None
4162874,63771301627649,None,None,None
4162891,63771301627661,None,None,None
4162908,63771301627672,None,None,None
4162908,63771301627684,None,None,None
4162916,63771301627694,None,None,None
4162933,63771301627705,None,None,None
4162933,63771301627716,None,None,None
4162949,63771301627727,None,None,None
4162966,63771301627739,None,None,None
4162983,63771301627751,None,None,None
4162983,63771301627761,None,None,None
4162999,63771301627773,None,None,None
4163016,63771301627783,None,None,None
4163016,63771301627794,None,None,None
4163032,63771301627806,None,None,None
4163049,63771301627817,None,None,None
4163049,63771301627827,None,None,None
4163066,63771301627839,None,None,None
4163074,63771301627850,None,None,None
4163091,63771301627862,None,None,None
4163091,63771301627872,None,None,None
4163124,63771301627896,None,None,None
4163124,63771301627902,None,None,None
4163124,63771301627907,None,None,None
4163141,63771301627915,None,None,None
4163157,63771301627926,None,None,None
4163157,63771301627937,None,None,None
4163174,63771301627948,None,None,None
4163191,63771301627960,None,None,None
4163191,63771301627970,None,None,None
4163207,63771301627983,None,None,None
4163224,63771301627993,None,None,None
4163241,63771301628004,None,None,None
4163241,63771301628015,None,None,None
4163249,63771301628026,None,None,None
4163266,63771301628037,None,None,None
4163266,63771301628049,None,None,None
4163282,63771301628060,None,None,None
4163299,63771301628072,None,None,None
4163299,63771301628081,None,None,None
4163316,63771301628093,None,None,None
4163332,63771301628104,None,None,None
4163332,63771301628115,None,None,None
4163349,63771301628126,None,None,None
4163366,63771301628138,None,None,None
4163382,63771301628149,None,None,None
4163382,63771301628160,None,None,None
4163399,63771301628171,None,None,None
4163416,63771301628183,None,None,None
4163416,63771301628193,None,None,None
4163432,63771301628204,None,None,None
4163449,63771301628215,None,None,None
4163457,63771301628236,None,None,None
4163457,63771301628241,None,None,None
4163474,63771301628248,None,None,None
4163491,63771301628260,None,None,None
4163491,63771301628270,None,None,None
4163507,63771301628283,None,None,None
4163524,63771301628294,None,None,None
4163524,63771301628304,None,None,None
4163541,63771301628315,None,None,None
4163557,63771301628326,None,None,None
4163557,63771301628338,None,None,None
4163574,63771301628349,None,None,None
4163591,63771301628361,None,None,None
4163607,63771301628373,None,None,None
4163607,63771301628383,None,None,None
4163624,63771301628394,None,None,None
4163649,63771301628406,None,None,None
4163649,63771301628416,None,None,None
4163657,63771301628427,None,None,None
4163666,63771301628438,None,None,None
4163666,63771301628450,None,None,None
4163682,63771301628461,None,None,None
4163699,63771301628472,None,None,None
4163716,63771301628485,None,None,None
4163716,63771301628494,None,None,None
4163732,63771301628505,None,None,None
4163749,63771301628517,None,None,None
4163749,63771301628527,None,None,None
4163766,63771301628538,None,None,None
4163782,63771301628550,None,None,None
4163782,63771301628561,None,None,None
4163816,63771301628583,None,None,None
4163816,63771301628589,None,None,None
4163816,63771301628594,None,None,None
4163832,63771301628604,None,None,None
4163849,63771301628615,None,None,None
4163849,63771301628626,None,None,None
4163857,63771301628637,None,None,None
4163874,63771301628648,None,None,None
4163874,63771301628659,None,None,None
4163891,63771301628670,None,None,None
4163907,63771301628681,None,None,None
4163924,63771301628694,None,None,None
4163924,63771301628703,None,None,None
4163941,63771301628714,None,None,None
4163957,63771301628726,None,None,None
4163957,63771301628737,None,None,None
4163974,63771301628748,None,None,None
4163991,63771301628759,None,None,None
4163991,63771301628770,None,None,None
4164007,63771301628782,None,None,None
4164024,63771301628792,None,None,None
4164032,63771301628803,None,None,None
4164032,63771301628815,None,None,None
4164049,63771301628826,None,None,None
4164066,63771301628837,None,None,None
4164066,63771301628848,None,None,None
4164082,63771301628859,None,None,None
4164099,63771301628870,None,None,None
4164099,63771301628881,None,None,None
4164116,63771301628893,None,None,None
4164132,63771301628903,None,None,None
4164149,63771301628926,None,None,None
4164166,63771301628931,None,None,None
4164166,63771301628936,None,None,None
4164182,63771301628947,None,None,None
4164182,63771301628959,None,None,None
4164199,63771301628970,None,None,None
4164207,63771301628981,None,None,None
4164207,63771301628993,None,None,None
4164224,63771301629003,None,None,None
4164241,63771301629014,None,None,None
4164241,63771301629026,None,None,None
4164257,63771301629036,None,None,None
4164274,63771301629048,None,None,None
4164291,63771301629059,None,None,None
4164291,63771301629070,None,None,None
4164307,63771301629082,None,None,None
4164324,63771301629093,None,None,None
4164324,63771301629103,None,None,None
4164341,63771301629114,None,None,None
4164357,63771301629125,None,None,None
4164357,63771301629136,None,None,None
4164374,63771301629147,None,None,None
4164382,63771301629159,None,None,None
4164399,63771301629170,None,None,None
4164399,63771301629181,None,None,None
4164416,63771301629193,None,None,None
4164432,63771301629203,None,None,None
4164432,63771301629214,None,None,None
4164449,63771301629225,None,None,None
4164466,63771301629237,None,None,None
4164482,63771301629248,None,None,None
4164499,63771301629269,None,None,None
4164499,63771301629274,None,None,None
4164516,63771301629280,None,None,None
4164516,63771301629293,None,None,None
4164532,63771301629303,None,None,None
4164541,63771301629315,None,None,None
4164541,63771301629326,None,None,None
4164557,63771301629337,None,None,None
4164574,63771301629348,None,None,None
4164590,63771301629360,None,None,None
4164590,63771301629370,None,None,None
4164607,63771301629383,None,None,None
4164624,63771301629393,None,None,None
4164624,63771301629404,None,None,None
4164640,63771301629415,None,None,None
4164657,63771301629426,None,None,None
4164657,63771301629437,None,None,None
4164674,63771301629448,None,None,None
4164690,63771301629460,None,None,None
4164690,63771301629470,None,None,None
4164707,63771301629481,None,None,None
4164724,63771301629494,None,None,None
4164740,63771301629504,None,None,None
4164740,63771301629515,None,None,None
4164749,63771301629526,None,None,None
4164765,63771301629537,None,None,None
4164765,63771301629548,None,None,None
4164782,63771301629559,None,None,None
4164799,63771301629571,None,None,None
4164815,63771301629583,None,None,None
4164815,63771301629594,None,None,None
4164832,63771301629614,None,None,None
4164849,63771301629619,None,None,None
4164849,63771301629626,None,None,None
4164865,63771301629637,None,None,None
4164882,63771301629648,None,None,None
4164882,63771301629659,None,None,None
4164899,63771301629670,None,None,None
4164915,63771301629684,None,None,None
4164915,63771301629692,None,None,None
4164932,63771301629704,None,None,None
4164940,63771301629715,None,None,None
4164940,63771301629726,None,None,None
4164957,63771301629737,None,None,None
4164974,63771301629749,None,None,None
4164990,63771301629759,None,None,None
4164990,63771301629770,None,None,None
4165007,63771301629781,None,None,None
4165024,63771301629793,None,None,None
4165024,63771301629803,None,None,None
4165040,63771301629815,None,None,None
4165090,63771301629857,None,None,None
