OcutimeStamp,UnityTimeStamp,cameraPosition.x,cameraPosition.y,cameraPosition.z,cameraRotation.x,cameraRotation.y,cameraRotation.z,cameraRotation.w,meanBasePoint.x,meanBasePoint.y,meanBasePoint.z,meanGazeDirection.x,meanGazeDirection.y,meanGazeDirection.z,leftBasePoint.x,leftBasePoint.y,leftBasePoint.z,rightBasePoint.x,rightBasePoint.y,rightBasePoint.z,leftEyeDirection.x,leftEyeDirection.y,leftEyeDirection.z,rightEyeDirection.x,rightEyeDirection.y,rightEyeDirection.z,pupilDiameterL,pupilDiameterR,valB,valL,valR
862635,63781122153603,-14.95315,2.281496,0.01779294,-0.03706254,0.9954913,0.01187555,-0.08650213,0.002360596,-0.000249115,-0.02302736,-0.06562805,0.2502136,0.9659576,0.03368555,0.001047058,-0.0236904,0.03368555,0.001047058,-0.0236904,-0.08049011,0.2608795,0.9620056,-0.08049011,0.2608795,0.9620056,3.427246,3.427246,True,True,True
862643,63781122153603,-14.95315,2.281496,0.01779294,-0.03706254,0.9954913,0.01187555,-0.08650213,0.003175736,-0.0002334442,-0.02303063,-0.06599426,0.24617,0.9669647,0.03368904,0.001030167,-0.02367848,0.03368904,0.001030167,-0.02367848,-0.07687378,0.2558746,0.9636383,-0.07687378,0.2558746,0.9636383,3.455551,3.455551,True,True,True
862651,63781122153603,-14.95315,2.281496,0.01779294,-0.03706254,0.9954913,0.01187555,-0.08650213,0.003780319,-0.0002125244,-0.02303998,-0.06137085,0.2449646,0.9675751,0.03368592,0.001029663,-0.02367386,0.03368592,0.001029663,-0.02367386,-0.0703125,0.2540741,0.9646149,-0.0703125,0.2540741,0.9646149,3.508835,3.508835,True,True,True
862660,63781122256587,-15.04022,2.738711,-1.204188,-0.01549263,0.9946448,-0.07459383,-0.0698405,0.004695404,-0.000170929,-0.02306331,-0.06159973,0.2446136,0.9676514,0.03367984,0.00102861,-0.02367887,0.03367984,0.00102861,-0.02367887,-0.07241821,0.2554626,0.9640961,-0.07241821,0.2554626,0.9640961,3.400146,3.400146,True,True,True
862668,63781122256594,-15.04012,2.739146,-1.203339,-0.01523184,0.9949457,-0.07218506,-0.06812093,0.00517154,-0.0001319428,-0.02307486,-0.06576538,0.2345886,0.9698639,0.03367148,0.001030624,-0.02368355,0.03367148,0.001030624,-0.02368355,-0.07821655,0.2564392,0.9633789,-0.07821655,0.2564392,0.9633789,3.404099,3.404099,True,True,True
862676,63781122256600,-15.04009,2.739387,-1.202866,-0.01496258,0.9950942,-0.07097892,-0.06727327,0.004803818,-0.0001444702,-0.02306479,-0.06239319,0.2327423,0.97052,0.03366574,0.001032944,-0.02367905,0.03366574,0.001032944,-0.02367905,-0.07400513,0.2514038,0.9650421,-0.07400513,0.2514038,0.9650421,3.389648,3.389648,True,True,True
862685,63781122256612,-15.04005,2.739651,-1.202456,-0.01484257,0.995251,-0.06950255,-0.06651802,0.004710861,-0.0001475678,-0.02306586,-0.05680847,0.2333832,0.9707184,0.03366002,0.001035263,-0.02367453,0.03366002,0.001035263,-0.02367453,-0.0697937,0.2463074,0.9666595,-0.0697937,0.2463074,0.9666595,3.375824,3.375824,True,True,True
862693,63781122256612,-15.04005,2.739651,-1.202456,-0.01484257,0.995251,-0.06950255,-0.06651802,0.004449143,-0.000161789,-0.02305693,-0.05966187,0.2300873,0.9713287,0.03365486,0.001033447,-0.0236698,0.03365486,0.001033447,-0.0236698,-0.07038879,0.2454681,0.9668427,-0.07038879,0.2454681,0.9668427,3.382401,3.382401,True,True,True
862701,63781122256623,-15.0401,2.739954,-1.201955,-0.01470347,0.9954095,-0.06786261,-0.06586669,0.003450714,-0.0002062378,-0.02303279,-0.05838013,0.2272186,0.9720764,0.03364969,0.001031631,-0.02366541,0.03364969,0.001031631,-0.02366541,-0.07098389,0.2445831,0.9670105,-0.07098389,0.2445831,0.9670105,3.387177,3.387177,True,True,True
862710,63781122256634,-15.04017,2.74028,-1.201406,-0.01478519,0.9955599,-0.06623143,-0.06523296,0.003235718,-0.0002177582,-0.02302803,-0.05690002,0.2261047,0.9724274,0.0336474,0.001031128,-0.02366524,0.0336474,0.001031128,-0.02366524,-0.06884766,0.2426147,0.9676666,-0.06884766,0.2426147,0.9676666,3.386536,3.386536,True,True,True
862718,63781122256644,-15.0402,2.740617,-1.200872,-0.01474397,0.9957073,-0.06451443,-0.06471014,0.00243602,-0.0002532807,-0.02301108,-0.05578613,0.2249298,0.9727631,0.03364511,0.001030624,-0.02366507,0.03364511,0.001030624,-0.02366507,-0.06669617,0.2406464,0.9683075,-0.06669617,0.2406464,0.9683075,3.386688,3.386688,True,True,True
862726,63781122256644,-15.0402,2.740617,-1.200872,-0.01474397,0.9957073,-0.06451443,-0.06471014,0.002360504,-0.0002672577,-0.02300839,-0.05575562,0.2255859,0.9726105,0.03364279,0.001027115,-0.02366455,0.03364279,0.001027115,-0.02366455,-0.06695557,0.2396393,0.9685364,-0.06695557,0.2396393,0.9685364,3.384995,3.384995,True,True,True
862735,63781122256656,-15.04031,2.740915,-1.200294,-0.01469703,0.9958494,-0.06272039,-0.06429737,0.002268601,-0.0002819367,-0.02300536,-0.05570984,0.2262726,0.9724579,0.03364046,0.001023605,-0.02366405,0.03364046,0.001023605,-0.02366405,-0.06721497,0.2386475,0.9687653,-0.06721497,0.2386475,0.9687653,3.38501,3.38501,True,True,True
862743,63781122256667,-15.04036,2.74127,-1.199713,-0.01481801,0.9960024,-0.06076039,-0.0637785,0.002409607,-0.0002819367,-0.02300717,-0.05583191,0.2258301,0.9725494,0.03363666,0.001020111,-0.02366406,0.03363666,0.001020111,-0.02366406,-0.06721497,0.2391052,0.9686584,-0.06721497,0.2391052,0.9686584,3.384293,3.384293,True,True,True
862751,63781122256678,-15.04054,2.741629,-1.199155,-0.01480857,0.996142,-0.05881003,-0.06342914,0.002977905,-0.0002640686,-0.02301801,-0.05613708,0.2256317,0.97258,0.03363286,0.001016602,-0.02366406,0.03363286,0.001016602,-0.02366406,-0.06721497,0.2395172,0.9685516,-0.06721497,0.2395172,0.9685516,3.383545,3.383545,True,True,True
862760,63781122256678,-15.04054,2.741629,-1.199155,-0.01480857,0.996142,-0.05881003,-0.06342914,0.002988312,-0.0002676086,-0.02301811,-0.05545044,0.2253571,0.9726868,0.03362904,0.00101088,-0.02366457,0.03362904,0.00101088,-0.02366457,-0.06742859,0.2389069,0.968689,-0.06742859,0.2389069,0.968689,3.384583,3.384583,True,True,True
862768,63781122256689,-15.04061,2.742035,-1.198618,-0.01472987,0.9962774,-0.05682899,-0.06312645,0.003198609,-0.0002628021,-0.02302193,-0.05487061,0.2251129,0.9727783,0.03362522,0.001005157,-0.02366406,0.03362522,0.001005157,-0.02366406,-0.06767273,0.2381592,0.9688568,-0.06767273,0.2381592,0.9688568,3.383072,3.383072,True,True,True
862776,63781122256700,-15.04071,2.742397,-1.198006,-0.01458006,0.9964136,-0.05479016,-0.06281283,0.003385864,-0.0002379913,-0.02301451,-0.06034851,0.2269745,0.9720154,0.03363759,0.0009894257,-0.02365636,0.03363759,0.0009894257,-0.02365636,-0.07145691,0.2456818,0.9667053,-0.07145691,0.2456818,0.9667053,3.316208,3.316208,True,True,True
862785,63781122256711,-15.04066,2.742749,-1.197467,-0.01434511,0.9965667,-0.05260396,-0.06230532,0.003380188,-0.0001580505,-0.02304732,-0.07104492,0.2541199,0.9645538,0.0336711,0.001058975,-0.02368926,0.0336711,0.001058975,-0.02368926,-0.08396912,0.2659454,0.9603119,-0.08396912,0.2659454,0.9603119,3.363846,3.363846,True,True,True
862793,63781122256711,-15.04066,2.742749,-1.197467,-0.01434511,0.9965667,-0.05260396,-0.06230532,0.004414688,-7.984925E-05,-0.02309407,-0.07981873,0.271347,0.9591522,0.03372072,0.001111786,-0.02372017,0.03372072,0.001111786,-0.02372017,-0.09317017,0.2848358,0.9540253,-0.09317017,0.2848358,0.9540253,3.329483,3.329483,True,True,True
862801,63781122256722,-15.04069,2.743154,-1.196819,-0.01432934,0.9966905,-0.0505897,-0.06199554,0.005453675,8.560181E-06,-0.02313188,-0.07659912,0.2799072,0.956955,0.03372757,0.001153885,-0.02373631,0.03372757,0.001153885,-0.02373631,-0.08900452,0.2949677,0.9513397,-0.08900452,0.2949677,0.9513397,3.382385,3.382385,True,True,True
862810,63781122256733,-15.04073,2.743493,-1.196156,-0.01429855,0.9968356,-0.04822539,-0.06155199,0.006299729,2.726746E-05,-0.02313994,-0.07672119,0.2757416,0.9581604,0.03372601,0.00113678,-0.02372115,0.03372601,0.00113678,-0.02372115,-0.08843994,0.2864075,0.95401,-0.08843994,0.2864075,0.95401,3.276947,3.276947,True,True,True
862818,63781122256745,-15.04084,2.743858,-1.195545,-0.01428137,0.9969637,-0.04599144,-0.06119131,0.006165024,1.300049E-05,-0.02313303,-0.07473755,0.2724915,0.9592438,0.03373367,0.001130798,-0.02371761,0.03373367,0.001130798,-0.02371761,-0.08631897,0.2846985,0.9547119,-0.08631897,0.2846985,0.9547119,3.319946,3.319946,True,True,True
862826,63781122256745,-15.04084,2.743858,-1.195545,-0.01428137,0.9969637,-0.04599144,-0.06119131,0.006016037,-1.016235E-05,-0.02312372,-0.07235718,0.2693939,0.9602966,0.0337304,0.001115311,-0.02370515,0.0337304,0.001115311,-0.02370515,-0.08244324,0.2790375,0.9567261,-0.08244324,0.2790375,0.9567261,3.326279,3.326279,True,True,True
862835,63781122256756,-15.04078,2.744295,-1.194978,-0.01435916,0.9970922,-0.04386011,-0.06064092,0.005376312,-4.528809E-05,-0.02311034,-0.07624817,0.267868,0.9604187,0.03372763,0.001107437,-0.02370336,0.03372763,0.001107437,-0.02370336,-0.08918762,0.2758636,0.9570465,-0.08918762,0.2758636,0.9570465,3.318481,3.318481,True,True,True
862843,63781122256769,-15.04081,2.744699,-1.194394,-0.01436856,0.9971989,-0.04181347,-0.0603284,0.00440184,-9.487916E-05,-0.02309046,-0.07298279,0.26828,0.9605713,0.03372197,0.001097961,-0.02370229,0.03372197,0.001097961,-0.02370229,-0.08287048,0.2762756,0.957489,-0.08287048,0.2762756,0.957489,3.299438,3.299438,True,True,True
862851,63781122256778,-15.04088,2.745036,-1.193873,-0.01462276,0.9973013,-0.03983063,-0.05991369,0.003730728,-0.0001300659,-0.02307576,-0.07214355,0.2666779,0.9610748,0.03371919,0.001091675,-0.02370279,0.03371919,0.001091675,-0.02370279,-0.08187866,0.2759857,0.9576569,-0.08187866,0.2759857,0.9576569,3.315964,3.315964,True,True,True
862860,63781122256778,-15.04088,2.745036,-1.193873,-0.01462276,0.9973013,-0.03983063,-0.05991369,0.002225128,-0.0001993866,-0.02304326,-0.07131958,0.2650909,0.9615784,0.03371642,0.001085388,-0.02370278,0.03371642,0.001085388,-0.02370278,-0.0809021,0.2756195,0.95784,-0.0809021,0.2756195,0.95784,3.328522,3.328522,True,True,True
862868,63781122256789,-15.0408,2.745377,-1.193322,-0.01474921,0.9973936,-0.03796315,-0.05955846,0.001814255,-0.0002214966,-0.02303456,-0.07080078,0.2623901,0.9623566,0.03371423,0.001079941,-0.02370253,0.03371423,0.001079941,-0.02370253,-0.08015442,0.2726898,0.9587402,-0.08015442,0.2726898,0.9587402,3.311371,3.311371,True,True,True
862876,63781122256800,-15.04084,2.745692,-1.192729,-0.01488809,0.9974819,-0.03618817,-0.05914975,0.001805161,-0.0002272186,-0.02303427,-0.07159424,0.2598267,0.9629822,0.03371205,0.001074494,-0.02370229,0.03371205,0.001074494,-0.02370229,-0.08189392,0.2698059,0.9594116,-0.08189392,0.2698059,0.9594116,3.295303,3.295303,True,True,True
862885,63781122256811,-15.04069,2.746023,-1.192219,-0.01513095,0.9975691,-0.03432382,-0.05872636,0.002393479,-0.0002087555,-0.02304405,-0.07266235,0.2575684,0.9635162,0.033711,0.001069,-0.02370041,0.033711,0.001069,-0.02370041,-0.08348083,0.2689667,0.9595184,-0.08348083,0.2689667,0.9595184,3.281952,3.281952,True,True,True
862893,63781122256811,-15.04069,2.746023,-1.192219,-0.01513095,0.9975691,-0.03432382,-0.05872636,0.003172577,-0.0001824799,-0.02305786,-0.07339478,0.2555084,0.9640045,0.03370995,0.001063522,-0.02369853,0.03370995,0.001063522,-0.02369853,-0.084198,0.2682037,0.959671,-0.084198,0.2682037,0.959671,3.269135,3.269135,True,True,True
862901,63781122256822,-15.04086,2.74635,-1.191552,-0.01521992,0.9976498,-0.03255983,-0.05833551,0.003046005,-0.0001926575,-0.02305403,-0.07225037,0.2552032,0.9641724,0.03370925,0.001059677,-0.02369624,0.03370925,0.001059677,-0.02369624,-0.08338928,0.2668152,0.9601288,-0.08338928,0.2668152,0.9601288,3.280655,3.280655,True,True,True
862910,63781122256833,-15.04091,2.746619,-1.190912,-0.01552843,0.9977217,-0.03067508,-0.0580453,0.002616333,-0.0002152252,-0.02304389,-0.07099915,0.254776,0.964386,0.03370854,0.001055832,-0.02369397,0.03370854,0.001055832,-0.02369397,-0.08262634,0.2654114,0.9605713,-0.08262634,0.2654114,0.9605713,3.28595,3.28595,True,True,True
862918,63781122256844,-15.04093,2.746941,-1.190402,-0.0157035,0.9977999,-0.02885301,-0.05758867,0.002567734,-0.0002258911,-0.02304097,-0.07060242,0.254776,0.9644012,0.03370824,0.00105278,-0.02369339,0.03370824,0.00105278,-0.02369339,-0.08267212,0.2633667,0.9611359,-0.08267212,0.2633667,0.9611359,3.275284,3.275284,True,True,True
862926,63781122256844,-15.04093,2.746941,-1.190402,-0.0157035,0.9977999,-0.02885301,-0.05758867,0.002736939,-0.0002276154,-0.02304265,-0.0703125,0.2548218,0.9644165,0.03370795,0.001049713,-0.0236928,0.03370795,0.001049713,-0.0236928,-0.08270264,0.2613678,0.9616852,-0.08270264,0.2613678,0.9616852,3.264755,3.264755,True,True,True
862935,63781122256855,-15.04103,2.747268,-1.189901,-0.01592418,0.9978601,-0.0270744,-0.05734618,0.00305629,-0.0002190094,-0.02304756,-0.0705719,0.2532654,0.9648132,0.03370609,0.001045899,-0.02369208,0.03370609,0.001045899,-0.02369208,-0.08309937,0.2584534,0.9624329,-0.08309937,0.2584534,0.9624329,3.254028,3.254028,True,True,True
862943,63781122256866,-15.04106,2.747496,-1.18947,-0.01590934,0.9979231,-0.02540079,-0.05701992,0.003516541,-0.0002045746,-0.02305545,-0.07089233,0.2516632,0.96521,0.03370422,0.001042069,-0.02369136,0.03370422,0.001042069,-0.02369136,-0.08349609,0.2555542,0.9631653,-0.08349609,0.2555542,0.9631653,3.243317,3.243317,True,True,True
862951,63781122256878,-15.04113,2.747782,-1.188992,-0.01633875,0.9979612,-0.02392856,-0.05686886,0.003837036,-0.0001979675,-0.02306153,-0.07026672,0.2493286,0.9658508,0.03370386,0.001039261,-0.02369002,0.03370386,0.001039261,-0.02369002,-0.08300781,0.2531891,0.9638367,-0.08300781,0.2531891,0.9638367,3.23822,3.23822,True,True,True
862960,63781122256878,-15.04113,2.747782,-1.188992,-0.01633875,0.9979612,-0.02392856,-0.05686886,0.003660752,-0.0002098389,-0.02305727,-0.07061768,0.2480927,0.966156,0.03370348,0.001036469,-0.02368866,0.03370348,0.001036469,-0.02368866,-0.08251953,0.2508545,0.9644928,-0.08251953,0.2508545,0.9644928,3.233521,3.233521,True,True,True
862968,63781122256889,-15.04117,2.747986,-1.188536,-0.01646649,0.9980031,-0.02254402,-0.05666199,0.003458496,-0.0002238007,-0.02304802,-0.07055664,0.2436523,0.9672852,0.03370206,0.001031128,-0.02368578,0.03370206,0.001031128,-0.02368578,-0.08166504,0.2505035,0.9646606,-0.08166504,0.2505035,0.9646606,3.225815,3.225815,True,True,True
862976,63781122256900,-15.04107,2.748219,-1.188105,-0.01665732,0.9980386,-0.02119204,-0.05650158,0.003318878,-0.0002331696,-0.02304234,-0.07081604,0.2427368,0.9674988,0.03370154,0.001027237,-0.02368237,0.03370154,0.001027237,-0.02368237,-0.08113098,0.2510834,0.9645538,-0.08113098,0.2510834,0.9645538,3.225967,3.225967,True,True,True
862985,63781122256911,-15.04116,2.748423,-1.18771,-0.01703655,0.9980599,-0.02004311,-0.05643243,0.003210678,-0.0002473602,-0.02303798,-0.07090759,0.2383575,0.9685822,0.0337014,0.001019272,-0.02368022,0.0337014,0.001019272,-0.02368022,-0.08117676,0.2485809,0.9651947,-0.08117676,0.2485809,0.9651947,3.220825,3.220825,True,True,True
862993,63781122256911,-15.04116,2.748423,-1.18771,-0.01703655,0.9980599,-0.02004311,-0.05643243,0.003118607,-0.0002622986,-0.02303342,-0.07086182,0.2397766,0.9682312,0.03370009,0.001011337,-0.0236759,0.03370009,0.001011337,-0.0236759,-0.08119202,0.2497864,0.9648743,-0.08119202,0.2497864,0.9648743,3.220245,3.220245,True,True,True
863001,63781122256922,-15.04115,2.748631,-1.187303,-0.01725941,0.9980806,-0.01909772,-0.05632621,0.002667694,-0.0002917786,-0.02302213,-0.07040405,0.2358856,0.969223,0.03370005,0.001004013,-0.02367323,0.03370005,0.001004013,-0.02367323,-0.08120728,0.2454681,0.9659882,-0.08120728,0.2454681,0.9659882,3.21759,3.21759,True,True,True
863010,63781122256933,-15.04123,2.748796,-1.186983,-0.01734711,0.9981004,-0.01818024,-0.05625144,0.002848282,-0.0003027649,-0.02302461,-0.07044983,0.2358246,0.969223,0.03369895,0.0009956055,-0.02367282,0.03369895,0.0009956055,-0.02367282,-0.08126831,0.2440643,0.9663391,-0.08126831,0.2440643,0.9663391,3.213989,3.213989,True,True,True
863018,63781122256944,-15.04131,2.748899,-1.186604,-0.01728906,0.9981211,-0.0172195,-0.05620498,0.002754044,-0.0003164673,-0.02302202,-0.07015991,0.2324066,0.9700775,0.03369843,0.0009860535,-0.02367184,0.03369843,0.0009860535,-0.02367184,-0.08128357,0.2366791,0.9681702,-0.08128357,0.2366791,0.9681702,3.201965,3.201965,True,True,True
863026,63781122256944,-15.04131,2.748899,-1.186604,-0.01728906,0.9981211,-0.0172195,-0.05620498,0.002691834,-0.0003317871,-0.02302039,-0.06997681,0.2328644,0.9699707,0.03369818,0.0009788666,-0.02367117,0.03369818,0.0009788666,-0.02367117,-0.08094788,0.2367401,0.9681854,-0.08094788,0.2367401,0.9681854,3.198776,3.198776,True,True,True
863035,63781122256956,-15.04129,2.749038,-1.186292,-0.01719119,0.9981296,-0.01645044,-0.05631357,0.002654068,-0.0003420868,-0.02301853,-0.06784058,0.2299957,0.9708099,0.03369737,0.000969635,-0.02367092,0.03369737,0.000969635,-0.02367092,-0.07766724,0.2337952,0.9691772,-0.07766724,0.2337952,0.9691772,3.187775,3.187775,True,True,True
863043,63781122256967,-15.04139,2.749224,-1.186009,-0.01684311,0.9981405,-0.01594111,-0.0563736,0.002751648,-0.0003440857,-0.02301145,-0.06700134,0.2294006,0.9710083,0.03369736,0.0009591217,-0.02367064,0.03369736,0.0009591217,-0.02367064,-0.07722473,0.2345428,0.9690247,-0.07722473,0.2345428,0.9690247,3.188461,3.188461,True,True,True
863051,63781122256978,-15.04139,2.749373,-1.185727,-0.01668446,0.9981462,-0.01526901,-0.05650469,0.003763657,-0.0003116608,-0.02302623,-0.06707764,0.2280273,0.9713287,0.03369647,0.0009521027,-0.02366936,0.03369647,0.0009521027,-0.02366936,-0.07601929,0.23526,0.9689484,-0.07601929,0.23526,0.9689484,3.186035,3.186035,True,True,True
863060,63781122256978,-15.04139,2.749373,-1.185727,-0.01668446,0.9981462,-0.01526901,-0.05650469,0.004618058,-0.0002857666,-0.02303961,-0.06672668,0.2273407,0.9715118,0.03369576,0.0009387055,-0.02366565,0.03369576,0.0009387055,-0.02366565,-0.07525635,0.2344513,0.9692078,-0.07525635,0.2344513,0.9692078,3.184967,3.184967,True,True,True
863068,63781122256989,-15.0415,2.749524,-1.185449,-0.01672411,0.9981426,-0.01478808,-0.05668353,0.005148377,-0.0002688599,-0.02304833,-0.06666565,0.2254028,0.9719696,0.03369478,0.0009306488,-0.02366226,0.03369478,0.0009306488,-0.02366226,-0.07551575,0.2332764,0.9694672,-0.07551575,0.2332764,0.9694672,3.174072,3.174072,True,True,True
863076,63781122257000,-15.0416,2.749668,-1.185264,-0.01673968,0.9981362,-0.01441742,-0.05688782,0.005515595,-0.0002623291,-0.02304045,-0.0668335,0.2256775,0.9718933,0.03369478,0.0009154511,-0.0236518,0.03369478,0.0009154511,-0.0236518,-0.07554626,0.2349854,0.9690552,-0.07554626,0.2349854,0.9690552,3.173111,3.173111,True,True,True
863085,63781122257011,-15.04158,2.749786,-1.185058,-0.01690183,0.9981237,-0.0140378,-0.05715208,0.005980973,-0.0002509003,-0.02304472,-0.06707764,0.2234802,0.9723816,0.03369478,0.0009034272,-0.02365149,0.03369478,0.0009034272,-0.02365149,-0.07543945,0.2309875,0.9700165,-0.07543945,0.2309875,0.9700165,3.164383,3.164383,True,True,True
863093,63781122257011,-15.04158,2.749786,-1.185058,-0.01690183,0.9981237,-0.0140378,-0.05715208,0.005891907,-0.0002610474,-0.02303879,-0.0670166,0.2225494,0.9726105,0.03369478,0.0008975068,-0.02364433,0.03369478,0.0008975068,-0.02364433,-0.07522583,0.2285156,0.9706116,-0.07522583,0.2285156,0.9706116,3.149338,3.149338,True,True,True
863101,63781122257022,-15.0417,2.749918,-1.184856,-0.01695292,0.9981141,-0.01388548,-0.05734208,0.005679062,-0.0002723694,-0.02303209,-0.0670929,0.2207336,0.9730072,0.03369478,0.000896698,-0.02364198,0.03369478,0.000896698,-0.02364198,-0.07527161,0.2266083,0.9710693,-0.07527161,0.2266083,0.9710693,3.10936,3.10936,True,True,True
863110,63781122257034,-15.04171,2.750051,-1.184642,-0.01671758,0.998109,-0.01370982,-0.05754102,0.005441452,-0.0002875977,-0.02302414,-0.06700134,0.2211761,0.9729156,0.03369478,0.0008957367,-0.02364003,0.03369478,0.0008957367,-0.02364003,-0.07505798,0.2263184,0.9711456,-0.07505798,0.2263184,0.9711456,3.087158,3.087158,True,True,True
863118,63781122257044,-15.04176,2.750078,-1.184415,-0.01645934,0.9981071,-0.01350718,-0.05769784,0.00469928,-0.0003221894,-0.02300351,-0.06622314,0.2194672,0.9733582,0.03369478,0.0008949738,-0.02363317,0.03369478,0.0008949738,-0.02363317,-0.07408142,0.2230072,0.9719849,-0.07408142,0.2230072,0.9719849,3.08522,3.08522,True,True,True
863126,63781122257044,-15.04176,2.750078,-1.184415,-0.01645934,0.9981071,-0.01350718,-0.05769784,0.003978333,-0.0003574372,-0.02298523,-0.06663513,0.2194672,0.9733276,0.03369478,0.0008937378,-0.02362914,0.03369478,0.0008937378,-0.02362914,-0.07411194,0.2227936,0.9720306,-0.07411194,0.2227936,0.9720306,3.083679,3.083679,True,True,True
863135,63781122257056,-15.04176,2.750166,-1.184149,-0.01613071,0.9981129,-0.01333435,-0.05772959,0.003462097,-0.0003820038,-0.02297237,-0.06642151,0.2191772,0.9734039,0.03369646,0.0008920746,-0.02362726,0.03369646,0.0008920746,-0.02362726,-0.07380676,0.22258,0.9721069,-0.07380676,0.22258,0.9721069,3.083771,3.083771,True,True,True
863143,63781122257066,-15.04174,2.750267,-1.183973,-0.01575312,0.9981216,-0.01302632,-0.05775341,0.002679749,-0.000417862,-0.02294832,-0.06607056,0.2187195,0.9735413,0.03369846,0.0008864136,-0.02361672,0.03369846,0.0008864136,-0.02361672,-0.07351685,0.2225342,0.9721375,-0.07351685,0.2225342,0.9721375,3.076859,3.076859,True,True,True
863151,63781122257078,-15.04178,2.750349,-1.183771,-0.01557583,0.9981325,-0.0126809,-0.05768888,0.00209079,-0.0004460907,-0.0229308,-0.06562805,0.2187653,0.9735565,0.03370195,0.0008797608,-0.02361231,0.03370195,0.0008797608,-0.02361231,-0.07287598,0.2230682,0.9720612,-0.07287598,0.2230682,0.9720612,3.0746,3.0746,True,True,True
863160,63781122257078,-15.04178,2.750349,-1.183771,-0.01557583,0.9981325,-0.0126809,-0.05768888,0.001889847,-0.0004578705,-0.0229249,-0.06529236,0.2189789,0.973526,0.03370499,0.0008731995,-0.02361026,0.03370499,0.0008731995,-0.02361026,-0.0723114,0.2236786,0.9719696,-0.0723114,0.2236786,0.9719696,3.074738,3.074738,True,True,True
863168,63781122257089,-15.04174,2.750396,-1.18363,-0.01554586,0.9981353,-0.01240283,-0.05771039,0.002033203,-0.0004545288,-0.02292583,-0.06602478,0.218689,0.9735565,0.03370653,0.0008691102,-0.02360944,0.03370653,0.0008691102,-0.02360944,-0.07374573,0.2239838,0.9717865,-0.07374573,0.2239838,0.9717865,3.060562,3.060562,True,True,True
863176,63781122257100,-15.0417,2.750407,-1.183479,-0.01568664,0.9981403,-0.01216199,-0.05763631,0.002023651,-0.0004579163,-0.02292209,-0.06550598,0.2189636,0.973526,0.03371149,0.0008633881,-0.02360456,0.03371149,0.0008633881,-0.02360456,-0.07302856,0.2248535,0.9716492,-0.07302856,0.2248535,0.9716492,3.060547,3.060547,True,True,True
863185,63781122257111,-15.04179,2.750492,-1.183359,-0.01568302,0.9981496,-0.01183369,-0.0575444,0.002266403,-0.000448639,-0.02292311,-0.06535339,0.2179718,0.9737549,0.03371506,0.0008623505,-0.02360286,0.03371506,0.0008623505,-0.02360286,-0.07264709,0.2243805,0.9717865,-0.07264709,0.2243805,0.9717865,3.052872,3.052872,True,True,True
863193,63781122257111,-15.04179,2.750492,-1.183359,-0.01568302,0.9981496,-0.01183369,-0.0575444,0.002583298,-0.0004378815,-0.02292775,-0.06518555,0.2171631,0.9739532,0.03371656,0.0008605347,-0.02360144,0.03371656,0.0008605347,-0.02360144,-0.07234192,0.2240448,0.9718781,-0.07234192,0.2240448,0.9718781,3.06012,3.06012,True,True,True
863201,63781122257123,-15.04176,2.750558,-1.183258,-0.01566369,0.9981589,-0.01160341,-0.05743675,0.002893463,-0.0004286194,-0.0229333,-0.06477356,0.2168732,0.9740448,0.03371913,0.0008599701,-0.02359984,0.03371913,0.0008599701,-0.02359984,-0.0718689,0.223999,0.9719238,-0.0718689,0.223999,0.9719238,3.060135,3.060135,True,True,True
863210,63781122257135,-15.04179,2.750648,-1.183184,-0.01566677,0.9981669,-0.01137092,-0.05734317,0.002709305,-0.0004395752,-0.022928,-0.06486511,0.2172089,0.9739532,0.03371936,0.0008598023,-0.02359834,0.03371936,0.0008598023,-0.02359834,-0.0721283,0.2239532,0.9719086,-0.0721283,0.2239532,0.9719086,3.060287,3.060287,True,True,True
863218,63781122257146,-15.04176,2.750695,-1.183082,-0.0155984,0.998181,-0.01112816,-0.05716269,0.003202835,-0.000423111,-0.02293686,-0.06507874,0.2173157,0.9739227,0.03371962,0.0008591156,-0.02359636,0.03371962,0.0008591156,-0.02359636,-0.07209778,0.2226868,0.9722137,-0.07209778,0.2226868,0.9722137,3.059387,3.059387,True,True,True
863226,63781122257146,-15.04176,2.750695,-1.183082,-0.0155984,0.998181,-0.01112816,-0.05716269,0.003227814,-0.0004233856,-0.02293506,-0.06481934,0.2165985,0.9740906,0.03372011,0.0008583374,-0.02359555,0.03372011,0.0008583374,-0.02359555,-0.07200623,0.2222748,0.9723053,-0.07200623,0.2222748,0.9723053,3.059891,3.059891,True,True,True
863235,63781122257157,-15.0418,2.750672,-1.182996,-0.0153681,0.998197,-0.01094506,-0.05698119,0.003201965,-0.0004263764,-0.02293213,-0.06478882,0.2166595,0.9740906,0.03372011,0.0008564758,-0.02359373,0.03372011,0.0008564758,-0.02359373,-0.07200623,0.2223816,0.97229,-0.07200623,0.2223816,0.97229,3.060226,3.060226,True,True,True
863243,63781122257169,-15.04176,2.750718,-1.182917,-0.01540664,0.9982189,-0.0107204,-0.05662868,0.003198349,-0.0004268189,-0.02292803,-0.06474304,0.216507,0.9741211,0.03372011,0.0008564758,-0.02359201,0.03372011,0.0008564758,-0.02359201,-0.07202148,0.22229,0.9723053,-0.07202148,0.22229,0.9723053,3.060211,3.060211,True,True,True
863251,63781122257169,-15.04176,2.750718,-1.182917,-0.01540664,0.9982189,-0.0107204,-0.05662868,0.003406067,-0.0004187927,-0.02292947,-0.06460571,0.2163086,0.9741669,0.03372011,0.0008564758,-0.02359085,0.03372011,0.0008564758,-0.02359085,-0.07202148,0.222229,0.9723206,-0.07202148,0.222229,0.9723206,3.060211,3.060211,True,True,True
863260,63781122257181,-15.04172,2.750797,-1.182859,-0.01536556,0.9982339,-0.0103428,-0.05644598,0.003704971,-0.0004078522,-0.02293041,-0.06460571,0.2159424,0.9742584,0.03372011,0.0008564758,-0.02359001,0.03372011,0.0008564758,-0.02359001,-0.07206726,0.2216492,0.9724579,-0.07206726,0.2216492,0.9724579,3.051727,3.051727,True,True,True
863268,63781122257192,-15.0417,2.750816,-1.182755,-0.0153698,0.9982459,-0.01003606,-0.05628726,0.004001007,-0.0003959809,-0.0229366,-0.06454468,0.2157898,0.9742889,0.03372011,0.0008564758,-0.02358968,0.03372011,0.0008564758,-0.02358968,-0.0717926,0.2215424,0.9724884,-0.0717926,0.2215424,0.9724884,3.047348,3.047348,True,True,True
863276,63781122257204,-15.04174,2.750825,-1.182645,-0.01562352,0.9982499,-0.00963563,-0.05621668,0.004204208,-0.0003872376,-0.02293804,-0.06442261,0.2155762,0.97435,0.03371962,0.000857544,-0.02358708,0.03371962,0.000857544,-0.02358708,-0.07144165,0.2210693,0.9726257,-0.07144165,0.2210693,0.9726257,3.047272,3.047272,True,True,True
863285,63781122257204,-15.04174,2.750825,-1.182645,-0.01562352,0.9982499,-0.00963563,-0.05621668,0.004326019,-0.0003817902,-0.02293878,-0.06433105,0.2154541,0.9743805,0.03371944,0.0008583374,-0.0235855,0.03371944,0.0008583374,-0.0235855,-0.07133484,0.2209015,0.9726715,-0.07133484,0.2209015,0.9726715,3.051376,3.051376,True,True,True
863293,63781122257216,-15.04169,2.750894,-1.182618,-0.01566472,0.9982516,-0.009423188,-0.05620997,0.004361984,-0.0003800507,-0.02293633,-0.06370544,0.2153168,0.9744568,0.03371936,0.0008591156,-0.02358368,0.03371936,0.0008591156,-0.02358368,-0.07025146,0.2207794,0.9727783,-0.07025146,0.2207794,0.9727783,3.047226,3.047226,True,True,True
863301,63781122257227,-15.0418,2.750927,-1.182601,-0.01572543,0.9982533,-0.009156689,-0.05620728,0.004175995,-0.0003878327,-0.02293045,-0.06381226,0.213974,0.9747467,0.03371678,0.0008591156,-0.02358211,0.03371678,0.0008591156,-0.02358211,-0.07061768,0.2183075,0.9733124,-0.07061768,0.2183075,0.9733124,3.043472,3.043472,True,True,True
863310,63781122257227,-15.0418,2.750927,-1.182601,-0.01572543,0.9982533,-0.009156689,-0.05620728,0.003888504,-0.0004008179,-0.02292046,-0.06387329,0.2137756,0.9747772,0.03371159,0.0008583374,-0.02358026,0.03371159,0.0008583374,-0.02358026,-0.07022095,0.2183533,0.9733276,-0.07022095,0.2183533,0.9733276,3.04361,3.04361,True,True,True
863318,63781122257238,-15.04179,2.750996,-1.182591,-0.01568098,0.9982556,-0.008987016,-0.05620697,0.003792694,-0.0004053192,-0.02291464,-0.0639801,0.2129669,0.9749603,0.03370941,0.000857544,-0.02357907,0.03370941,0.000857544,-0.02357907,-0.07012939,0.2171326,0.9736023,-0.07012939,0.2171326,0.9736023,3.042007,3.042007,True,True,True
863326,63781122257249,-15.04183,2.751039,-1.182599,-0.01557026,0.9982518,-0.008957581,-0.05630837,0.003745377,-0.0004084473,-0.022913,-0.06474304,0.2131805,0.9748535,0.0337061,0.000857544,-0.02357834,0.0337061,0.000857544,-0.02357834,-0.070755,0.2170868,0.9735718,-0.070755,0.2170868,0.9735718,3.043335,3.043335,True,True,True
863335,63781122257260,-15.04182,2.751033,-1.182604,-0.01554502,0.9982443,-0.008956171,-0.05644902,0.003735199,-0.0004088593,-0.02291031,-0.06430054,0.2131348,0.9748993,0.03370265,0.000857544,-0.02357758,0.03370265,0.000857544,-0.02357758,-0.07058716,0.2171173,0.9735718,-0.07058716,0.2171173,0.9735718,3.045578,3.045578,True,True,True
863343,63781122257260,-15.04182,2.751033,-1.182604,-0.01554502,0.9982443,-0.008956171,-0.05644902,0.003937164,-0.0004004669,-0.02291171,-0.06498718,0.2129669,0.974884,0.03369948,0.0008580628,-0.02357718,0.03369948,0.0008580628,-0.02357718,-0.07093811,0.2167358,0.9736328,-0.07093811,0.2167358,0.9736328,3.043304,3.043304,True,True,True
863351,63781122257272,-15.04179,2.751059,-1.182628,-0.01558028,0.9982321,-0.008943679,-0.05665676,0.003999908,-0.0003977814,-0.02291298,-0.06538391,0.2134857,0.9747467,0.03369689,0.0008580933,-0.02357706,0.03369689,0.0008580933,-0.02357706,-0.07136536,0.2170105,0.9735565,-0.07136536,0.2170105,0.9735565,3.04332,3.04332,True,True,True
863360,63781122257283,-15.04183,2.75105,-1.182714,-0.01560086,0.9982195,-0.009018318,-0.05685956,0.004785095,-0.0003644715,-0.02290659,-0.06582642,0.213089,0.9748077,0.03369689,0.0008580933,-0.02357301,0.03369689,0.0008580933,-0.02357301,-0.07099915,0.2181091,0.9733276,-0.07099915,0.2181091,0.9733276,3.045929,3.045929,True,True,True
863368,63781122257294,-15.04179,2.751003,-1.182756,-0.01592938,0.9982014,-0.009013704,-0.05708696,0.0059404,-0.0003168793,-0.02292871,-0.06582642,0.2120972,0.9750214,0.03369689,0.0008580933,-0.0235721,0.03369689,0.0008580933,-0.0235721,-0.07061768,0.2164917,0.9737244,-0.07061768,0.2164917,0.9737244,3.041931,3.041931,True,True,True
863376,63781122257294,-15.04179,2.751003,-1.182756,-0.01592938,0.9982014,-0.009013704,-0.05708696,0.007231339,-0.0002622528,-0.02295673,-0.06536865,0.2120972,0.9750519,0.03369689,0.0008580628,-0.02356932,0.03369689,0.0008580628,-0.02356932,-0.07019043,0.2163239,0.9737854,-0.07019043,0.2163239,0.9737854,3.041931,3.041931,True,True,True
863385,63781122257305,-15.04174,2.751005,-1.182803,-0.01594472,0.9981895,-0.009124021,-0.05727364,0.00786966,-0.0002363892,-0.02297073,-0.06555176,0.2132568,0.9747925,0.03369689,0.0008572388,-0.02356801,0.03369689,0.0008572388,-0.02356801,-0.07019043,0.2179871,0.9734192,-0.07019043,0.2179871,0.9734192,3.042542,3.042542,True,True,True
863393,63781122257316,-15.04176,2.750943,-1.182807,-0.01591249,0.9981807,-0.009157069,-0.05743018,0.007927933,-0.0002359161,-0.02297105,-0.06559753,0.2126465,0.9749146,0.03369689,0.0008557587,-0.02356626,0.03369689,0.0008557587,-0.02356626,-0.07023621,0.2165833,0.9737244,-0.07023621,0.2165833,0.9737244,3.035263,3.035263,True,True,True
863401,63781122257327,-15.04171,2.750912,-1.182871,-0.01583309,0.9981762,-0.009203987,-0.05752411,0.007491654,-0.0002563935,-0.02296025,-0.06510925,0.2129822,0.9748688,0.03369689,0.0008542023,-0.02356499,0.03369689,0.0008542023,-0.02356499,-0.07012939,0.2169189,0.9736633,-0.07012939,0.2169189,0.9736633,3.048767,3.048767,True,True,True
863410,63781122257327,-15.04171,2.750912,-1.182871,-0.01583309,0.9981762,-0.009203987,-0.05752411,0.006520737,-0.0002994537,-0.0229364,-0.06489563,0.2130737,0.9748688,0.03369689,0.0008541718,-0.0235645,0.03369689,0.0008541718,-0.0235645,-0.07017517,0.2170258,0.9736328,-0.07017517,0.2170258,0.9736328,3.048889,3.048889,True,True,True
863418,63781122257338,-15.04176,2.750878,-1.182837,-0.01561996,0.9981728,-0.009284606,-0.05762783,0.00524147,-0.0003558045,-0.02290645,-0.06454468,0.2138977,0.9747162,0.03369809,0.0008539276,-0.0235638,0.03369809,0.0008539276,-0.0235638,-0.06994629,0.2169189,0.9736786,-0.06994629,0.2169189,0.9736786,3.048737,3.048737,True,True,True
863426,63781122257349,-15.04169,2.750874,-1.182873,-0.01557093,0.9981643,-0.009413822,-0.05776731,0.004001053,-0.0004104919,-0.02287647,-0.06370544,0.2133331,0.9748993,0.03370262,0.0008506623,-0.02356203,0.03370262,0.0008506623,-0.02356203,-0.06904602,0.2174683,0.9736176,-0.06904602,0.2174683,0.9736176,3.050781,3.050781,True,True,True
863435,63781122257361,-15.04175,2.750821,-1.182936,-0.01537362,0.9981694,-0.009411383,-0.05773312,0.002632706,-0.0004687958,-0.02284476,-0.06307983,0.2134247,0.9749146,0.03370543,0.0008506623,-0.02356188,0.03370543,0.0008506623,-0.02356188,-0.06852722,0.2175903,0.9736176,-0.06852722,0.2175903,0.9736176,3.056396,3.056396,True,True,True
863443,63781122257361,-15.04175,2.750821,-1.182936,-0.01537362,0.9981694,-0.009411383,-0.05773312,0.00268277,-0.0004670715,-0.02284519,-0.0634613,0.2142181,0.9747162,0.03370761,0.0008506623,-0.02356047,0.03370761,0.0008506623,-0.02356047,-0.06915283,0.2190552,0.9732513,-0.06915283,0.2190552,0.9732513,3.060883,3.060883,True,True,True
863451,63781122257371,-15.04168,2.750829,-1.183042,-0.01539495,0.9981663,-0.009513292,-0.05776439,0.0026922,-0.00046698,-0.0228439,-0.0627594,0.2141876,0.974762,0.03370912,0.0008506623,-0.02355754,0.03370912,0.0008506623,-0.02355754,-0.06816101,0.2189026,0.9733582,-0.06816101,0.2189026,0.9733582,3.060669,3.060669,True,True,True
863460,63781122257382,-15.04159,2.75084,-1.183095,-0.01537106,0.9981722,-0.009644338,-0.05764695,0.002654175,-0.0004686737,-0.02284261,-0.06240845,0.2146912,0.9746704,0.03371227,0.0008506623,-0.02355704,0.03371227,0.0008506623,-0.02355704,-0.06756592,0.2199402,0.9731598,-0.06756592,0.2199402,0.9731598,3.062027,3.062027,True,True,True
863468,63781122257394,-15.04149,2.750768,-1.183224,-0.01535159,0.9981886,-0.00965768,-0.05736394,0.002599869,-0.0004709931,-0.02284087,-0.06295776,0.2149963,0.9745789,0.0337123,0.0008506623,-0.02355606,0.0337123,0.0008506623,-0.02355606,-0.06828308,0.2205658,0.9729614,-0.06828308,0.2205658,0.9729614,3.062988,3.062988,True,True,True
863476,63781122257394,-15.04149,2.750768,-1.183224,-0.01535159,0.9981886,-0.00965768,-0.05736394,0.002511215,-0.0004748841,-0.02283772,-0.06256104,0.2146149,0.9746857,0.03371375,0.0008506623,-0.02355396,0.03371375,0.0008506623,-0.02355396,-0.06829834,0.2204742,0.9729919,-0.06829834,0.2204742,0.9729919,3.062958,3.062958,True,True,True
863485,63781122257405,-15.04138,2.7508,-1.183303,-0.01539631,0.998205,-0.009780222,-0.05704458,0.002406494,-0.0004791718,-0.02283452,-0.06221008,0.21521,0.9745789,0.03371488,0.0008506623,-0.02355242,0.03371488,0.0008506623,-0.02355242,-0.0680542,0.2211456,0.9728546,-0.0680542,0.2211456,0.9728546,3.070709,3.070709,True,True,True
863493,63781122257416,-15.04129,2.750824,-1.183425,-0.01531503,0.9982259,-0.009849956,-0.0566886,0.002418823,-0.0004774017,-0.02283478,-0.0617981,0.2151337,0.9746246,0.03371581,0.00085318,-0.02355242,0.03371581,0.00085318,-0.02355242,-0.06787109,0.2210236,0.9729004,-0.06787109,0.2210236,0.9729004,3.072723,3.072723,True,True,True
863501,63781122257427,-15.04118,2.750786,-1.183503,-0.01526443,0.9982532,-0.009810021,-0.05622708,0.002444885,-0.000475647,-0.0228353,-0.0619812,0.214859,0.9746704,0.03371581,0.0008539124,-0.02355228,0.03371581,0.0008539124,-0.02355228,-0.06785583,0.2205963,0.9729919,-0.06785583,0.2205963,0.9729919,3.075394,3.075394,True,True,True
863510,63781122257427,-15.04118,2.750786,-1.183503,-0.01526443,0.9982532,-0.009810021,-0.05622708,0.002479279,-0.0004726715,-0.02283539,-0.06202698,0.2145996,0.9747162,0.03371581,0.0008569794,-0.02355185,0.03371581,0.0008569794,-0.02355185,-0.06787109,0.2199554,0.9731293,-0.06787109,0.2199554,0.9731293,3.074875,3.074875,True,True,True
863518,63781122257438,-15.04105,2.750801,-1.183568,-0.01514913,0.9982694,-0.009848936,-0.05596186,0.003206787,-0.0004410248,-0.02285047,-0.06176758,0.2145081,0.974762,0.03371581,0.0008582611,-0.02355161,0.03371581,0.0008582611,-0.02355161,-0.0675354,0.2197876,0.9731903,-0.0675354,0.2197876,0.9731903,3.085587,3.085587,True,True,True
863526,63781122257449,-15.04103,2.750758,-1.183579,-0.01514823,0.9982898,-0.00986012,-0.05559693,0.003118485,-0.0004446564,-0.02284642,-0.06176758,0.2145538,0.9747467,0.03371581,0.0008583832,-0.02355139,0.03371581,0.0008583832,-0.02355139,-0.0675354,0.2200775,0.9731293,-0.0675354,0.2200775,0.9731293,3.085709,3.085709,True,True,True
863535,63781122257461,-15.04091,2.750758,-1.183646,-0.01511657,0.9983006,-0.009824724,-0.05541681,0.003165955,-0.0004423523,-0.02284657,-0.06169128,0.2145996,0.9747467,0.03371581,0.0008589631,-0.0235513,0.03371581,0.0008589631,-0.0235513,-0.06732178,0.2201691,0.9731293,-0.06732178,0.2201691,0.9731293,3.087906,3.087906,True,True,True
863543,63781122257461,-15.04091,2.750758,-1.183646,-0.01511657,0.9983006,-0.009824724,-0.05541681,0.003282517,-0.0004372711,-0.02284807,-0.06140137,0.2146149,0.974762,0.03371581,0.0008591919,-0.02355064,0.03371581,0.0008591919,-0.02355064,-0.0667572,0.2201843,0.9731598,-0.0667572,0.2201843,0.9731598,3.098495,3.098495,True,True,True
863551,63781122257478,-15.0409,2.750753,-1.183669,-0.01500961,0.9983096,-0.009734045,-0.05529917,0.003498337,-0.0004279938,-0.02284967,-0.06103516,0.2148285,0.9747314,0.03371581,0.0008593445,-0.02354939,0.03371581,0.0008593445,-0.02354939,-0.0665741,0.2204132,0.973114,-0.0665741,0.2204132,0.973114,3.1315,3.1315,True,True,True
863560,63781122257478,-15.0409,2.750753,-1.183669,-0.01500961,0.9983096,-0.009734045,-0.05529917,0.003585999,-0.0004237366,-0.02285118,-0.05921936,0.2147827,0.9748535,0.03371437,0.0008600922,-0.02354851,0.03371437,0.0008600922,-0.02354851,-0.06591797,0.2204895,0.9731445,-0.06591797,0.2204895,0.9731445,3.163147,3.163147,True,True,True
863568,63781122257491,-15.04079,2.750741,-1.183725,-0.01474959,0.9983318,-0.009617302,-0.05498778,0.00371405,-0.0004180145,-0.02284859,-0.05960083,0.2150116,0.9747772,0.03371172,0.0008601532,-0.0235472,0.03371172,0.0008601532,-0.0235472,-0.06626892,0.220459,0.9731293,-0.06626892,0.220459,0.9731293,3.186096,3.186096,True,True,True
863576,63781122257502,-15.04082,2.750741,-1.183724,-0.014466,0.9983374,-0.009620436,-0.05496138,0.00386525,-0.0004097596,-0.02284993,-0.0586853,0.2145538,0.9749298,0.03370741,0.0008624268,-0.02354564,0.03370741,0.0008624268,-0.02354564,-0.06430054,0.2197571,0.9734192,-0.06430054,0.2197571,0.9734192,3.164215,3.164215,True,True,True
863585,63781122257502,-15.04082,2.750741,-1.183724,-0.014466,0.9983374,-0.009620436,-0.05496138,0.004010117,-0.0004032288,-0.0228495,-0.05914307,0.2143402,0.9749603,0.03370304,0.0008624268,-0.02354442,0.03370304,0.0008624268,-0.02354442,-0.06484985,0.219574,0.9734344,-0.06484985,0.219574,0.9734344,3.185883,3.185883,True,True,True
863593,63781122257513,-15.04078,2.750718,-1.183824,-0.0142441,0.9983404,-0.009613453,-0.05496548,0.005210083,-0.0003511353,-0.02285459,-0.05877686,0.2120361,0.9754791,0.03369927,0.0008639679,-0.02354376,0.03369927,0.0008639679,-0.02354376,-0.06246948,0.2176666,0.9740143,-0.06246948,0.2176666,0.9740143,3.184418,3.184418,True,True,True
863601,63781122257525,-15.04073,2.750717,-1.183967,-0.014069,0.998339,-0.009738424,-0.0550143,0.006481171,-0.0002969208,-0.02288315,-0.05793762,0.2121582,0.9755096,0.03369527,0.0008643799,-0.02354314,0.03369527,0.0008643799,-0.02354314,-0.06135559,0.2175598,0.9741058,-0.06135559,0.2175598,0.9741058,3.184433,3.184433,True,True,True
863610,63781122257536,-15.04072,2.750733,-1.184086,-0.01410739,0.9983326,-0.009654578,-0.05513525,0.008074296,-0.000228241,-0.02291809,-0.05847168,0.2120514,0.9754944,0.03369055,0.0008652649,-0.02354305,0.03369055,0.0008652649,-0.02354305,-0.06143188,0.2170563,0.9742126,-0.06143188,0.2170563,0.9742126,3.18898,3.18898,True,True,True
863618,63781122257536,-15.04072,2.750733,-1.184086,-0.01410739,0.9983326,-0.009654578,-0.05513525,0.009226227,-0.0001786041,-0.02294479,-0.05812073,0.2122192,0.9754791,0.03368771,0.0008658448,-0.02354253,0.03368771,0.0008658448,-0.02354253,-0.06083679,0.2170105,0.9742584,-0.06083679,0.2170105,0.9742584,3.194641,3.194641,True,True,True
863626,63781122257547,-15.04067,2.750742,-1.184185,-0.01421871,0.9983185,-0.00963185,-0.05536491,0.009521653,-0.0001641541,-0.02295152,-0.05839539,0.2118683,0.9755402,0.033685,0.0008687592,-0.02354169,0.033685,0.0008687592,-0.02354169,-0.06137085,0.2163086,0.9743805,-0.06137085,0.2163086,0.9743805,3.188629,3.188629,True,True,True
863635,63781122257558,-15.04066,2.750756,-1.184236,-0.01440117,0.9982991,-0.00965813,-0.05566238,0.009055847,-0.0001837616,-0.02293912,-0.05821228,0.21138,0.9756622,0.03368181,0.0008690339,-0.02353996,0.03368181,0.0008690339,-0.02353996,-0.06195068,0.2157135,0.9744873,-0.06195068,0.2157135,0.9744873,3.194,3.194,True,True,True
863643,63781122257569,-15.04067,2.75071,-1.18428,-0.01445929,0.9982817,-0.009785359,-0.05593678,0.007794068,-0.0002377014,-0.02290746,-0.05818176,0.2115021,0.9756317,0.0336806,0.0008690339,-0.02353923,0.0336806,0.0008690339,-0.02353923,-0.06217957,0.2161713,0.9743652,-0.06217957,0.2161713,0.9743652,3.194122,3.194122,True,True,True
863651,63781122257569,-15.04067,2.75071,-1.18428,-0.01445929,0.9982817,-0.009785359,-0.05593678,0.006209931,-0.0003055573,-0.02286269,-0.05792236,0.2098999,0.9759979,0.03367839,0.0008690339,-0.0235345,0.03367839,0.0008690339,-0.0235345,-0.06211853,0.2154083,0.9745331,-0.06211853,0.2154083,0.9745331,3.194077,3.194077,True,True,True
863660,63781122257580,-15.04075,2.75067,-1.18427,-0.01445814,0.9982573,-0.009965265,-0.05633909,0.004698044,-0.0003703613,-0.02282335,-0.0579071,0.2076874,0.9764709,0.03367839,0.0008690339,-0.02353233,0.03367839,0.0008690339,-0.02353233,-0.06213379,0.2146454,0.9747009,-0.06213379,0.2146454,0.9747009,3.193771,3.193771,True,True,True
863668,63781122257591,-15.04073,2.750685,-1.184362,-0.01430161,0.9982441,-0.01019771,-0.05657083,0.003265122,-0.0004326935,-0.02278638,-0.05773926,0.2074432,0.976532,0.03367839,0.0008687592,-0.02352997,0.03367839,0.0008687592,-0.02352997,-0.06214905,0.2145996,0.9747162,-0.06214905,0.2145996,0.9747162,3.193817,3.193817,True,True,True
863676,63781122257602,-15.04074,2.750752,-1.184487,-0.01387387,0.9982321,-0.01048935,-0.05683571,0.003143509,-0.0004429474,-0.02278287,-0.05787659,0.2082672,0.9763489,0.03367839,0.000865448,-0.02352895,0.03367839,0.000865448,-0.02352895,-0.06256104,0.2159729,0.9743805,-0.06256104,0.2159729,0.9743805,3.208817,3.208817,True,True,True
863685,63781122257602,-15.04074,2.750752,-1.184487,-0.01387387,0.9982321,-0.01048935,-0.05683571,0.002594955,-0.0004702301,-0.02276805,-0.05763245,0.2082977,0.9763641,0.03367839,0.0008652649,-0.02352764,0.03367839,0.0008652649,-0.02352764,-0.06257629,0.2152557,0.9745483,-0.06257629,0.2152557,0.9745483,3.208435,3.208435,True,True,True
863693,63781122257614,-15.0407,2.750704,-1.18463,-0.01363169,0.9982263,-0.01055026,-0.05698322,0.00239212,-0.0004819336,-0.02276291,-0.05761719,0.208374,0.9763336,0.03367839,0.0008639679,-0.02352739,0.03367839,0.0008639679,-0.02352739,-0.06256104,0.2154236,0.9745026,-0.06256104,0.2154236,0.9745026,3.208588,3.208588,True,True,True
863701,63781122257625,-15.04068,2.750679,-1.184722,-0.01345943,0.9982217,-0.01070686,-0.05707689,0.002518509,-0.0004792481,-0.02276431,-0.05766296,0.2086945,0.9762726,0.03367839,0.0008611145,-0.0235268,0.03367839,0.0008611145,-0.0235268,-0.06256104,0.2159271,0.9743958,-0.06256104,0.2159271,0.9743958,3.212067,3.212067,True,True,True
863710,63781122257636,-15.04067,2.750586,-1.184847,-0.01336242,0.9982187,-0.01085846,-0.05712345,0.002563858,-0.0004793244,-0.02275813,-0.05908203,0.208786,0.9761658,0.03367839,0.0008586579,-0.02352594,0.03367839,0.0008586579,-0.02352594,-0.06471252,0.2163849,0.9741516,-0.06471252,0.2163849,0.9741516,3.21225,3.21225,True,True,True
863718,63781122257636,-15.04067,2.750586,-1.184847,-0.01336242,0.9982187,-0.01085846,-0.05712345,0.003843491,-0.0004286652,-0.02277767,-0.05931091,0.2090759,0.9760895,0.03367973,0.0008536835,-0.02352402,0.03367973,0.0008536835,-0.02352402,-0.06474304,0.2171783,0.9739685,-0.06474304,0.2171783,0.9739685,3.219681,3.219681,True,True,True
863726,63781122257647,-15.04063,2.75054,-1.184921,-0.01343888,0.9982147,-0.01103826,-0.05714075,0.004889817,-0.0003854065,-0.02279918,-0.05911255,0.2093353,0.9760437,0.03368476,0.0008511964,-0.02352294,0.03368476,0.0008511964,-0.02352294,-0.06396484,0.2174225,0.9739685,-0.06396484,0.2174225,0.9739685,3.219696,3.219696,True,True,True
863735,63781122257658,-15.04062,2.750461,-1.184926,-0.01344832,0.9982232,-0.01125635,-0.05694664,0.005911118,-0.00034552,-0.02281871,-0.05883789,0.2099762,0.9759216,0.03368997,0.0008475342,-0.02352252,0.03368997,0.0008475342,-0.02352252,-0.06330872,0.2181396,0.9738464,-0.06330872,0.2181396,0.9738464,3.220627,3.220627,True,True,True
863743,63781122257669,-15.04062,2.750407,-1.184976,-0.01354865,0.9982237,-0.01141444,-0.05688338,0.006797959,-0.0003120422,-0.0228384,-0.05828857,0.2104492,0.9758606,0.03369289,0.0008438721,-0.02352071,0.03369289,0.0008438721,-0.02352071,-0.0627594,0.21875,0.9737549,-0.0627594,0.21875,0.9737549,3.221191,3.221191,True,True,True
863751,63781122257669,-15.04062,2.750407,-1.184976,-0.01354865,0.9982237,-0.01141444,-0.05688338,0.007153351,-0.0002997131,-0.02284589,-0.05834961,0.2110748,0.9757233,0.0336966,0.0008436585,-0.02351846,0.0336966,0.0008436585,-0.02351846,-0.0627594,0.2187653,0.9737549,-0.0627594,0.2187653,0.9737549,3.234573,3.234573,True,True,True
863760,63781122257680,-15.04068,2.750326,-1.184996,-0.01348052,0.9982296,-0.01166873,-0.05674443,0.008173096,-0.0002974854,-0.02283814,-0.05351257,0.2088013,0.9764862,0.03364865,0.000816681,-0.02350745,0.03364865,0.000816681,-0.02350745,-0.05619812,0.2189484,0.9741058,-0.05619812,0.2189484,0.9741058,3.231537,3.231537,True,True,True
863768,63781122257691,-15.0407,2.750283,-1.185022,-0.01357085,0.9982338,-0.01197248,-0.05658486,0.005584687,-0.0004010773,-0.02278845,-0.03872681,0.1972656,0.9795837,0.03353404,0.0007530823,-0.02339501,0.03353404,0.0007530823,-0.02339501,-0.04362488,0.2121582,0.9762573,-0.04362488,0.2121582,0.9762573,3.1483,3.1483,True,True,True
863776,63781122257703,-15.04079,2.750187,-1.185029,-0.0135362,0.9982377,-0.01241207,-0.05643018,-0.003614395,-0.0008310242,-0.02250368,-0.03189087,0.1817322,0.9828186,0.03350179,0.0007043458,-0.02331529,0.03350179,0.0007043458,-0.02331529,-0.03723145,0.1995392,0.9791718,-0.03723145,0.1995392,0.9791718,3.320129,3.320129,True,True,True
863785,63781122257703,-15.04079,2.750187,-1.185029,-0.0135362,0.9982377,-0.01241207,-0.05643018,-0.01120207,-0.001152557,-0.02233101,-0.03063965,0.1794891,0.9832764,0.03349265,0.0007011567,-0.0233234,0.03349265,0.0007011567,-0.0233234,-0.03862,0.1996765,0.9790955,-0.03862,0.1996765,0.9790955,3.224152,3.224152,True,True,True
863793,63781122257713,-15.04082,2.750192,-1.185073,-0.01341476,0.9982387,-0.01283903,-0.05634621,-0.01568871,-0.001335465,-0.02223584,-0.03065491,0.1780243,0.9835358,0.03349912,0.000703827,-0.02332048,0.03349912,0.000703827,-0.02332048,-0.03569031,0.2008057,0.9789734,-0.03569031,0.2008057,0.9789734,3.241562,3.241562,True,True,True
863801,63781122257725,-15.04078,2.750117,-1.185179,-0.01326252,0.9982355,-0.01316115,-0.05636312,-0.01723476,-0.001396469,-0.02220011,-0.03025818,0.177002,0.9837341,0.03350157,0.000706192,-0.02332065,0.03350157,0.000706192,-0.02332065,-0.03634644,0.2019196,0.978714,-0.03634644,0.2019196,0.978714,3.252304,3.252304,True,True,True
863810,63781122257736,-15.04084,2.750084,-1.18519,-0.01328894,0.9982416,-0.0132612,-0.05622551,-0.01663103,-0.001368378,-0.02221504,-0.03024292,0.1768494,0.9837646,0.03350405,0.0007085419,-0.02332048,0.03350405,0.0007085419,-0.02332048,-0.03678894,0.1998901,0.9791107,-0.03678894,0.1998901,0.9791107,3.241013,3.241013,True,True,True
863818,63781122257736,-15.04084,2.750084,-1.18519,-0.01328894,0.9982416,-0.0132612,-0.05622551,-0.01419887,-0.001267166,-0.02226888,-0.03103638,0.1779327,0.9835358,0.03350414,0.0007102356,-0.02331452,0.03350414,0.0007102356,-0.02331452,-0.03691101,0.2003021,0.9790344,-0.03691101,0.2003021,0.9790344,3.25174,3.25174,True,True,True
863826,63781122257747,-15.04083,2.75007,-1.18524,-0.01333583,0.998242,-0.01338175,-0.0561806,-0.009921082,-0.001089279,-0.0223623,-0.03190613,0.1802368,0.9830933,0.03350424,0.0007119293,-0.02330855,0.03350424,0.0007119293,-0.02330855,-0.03715515,0.2006073,0.9789581,-0.03715515,0.2006073,0.9789581,3.241302,3.241302,True,True,True
863834,63781122257758,-15.04091,2.750067,-1.18524,-0.01336311,0.9982337,-0.01341491,-0.05631136,-0.003172577,-0.0008064728,-0.02250819,-0.03265381,0.1832428,0.9825134,0.03350424,0.0007147064,-0.02330855,0.03350424,0.0007147064,-0.02330855,-0.03692627,0.2006836,0.9789581,-0.03692627,0.2006836,0.9789581,3.251877,3.251877,True,True,True
863843,63781122257769,-15.04096,2.750094,-1.185264,-0.01344148,0.9982349,-0.01335929,-0.05628569,0.003236023,-0.0005384979,-0.02264708,-0.03366089,0.1861572,0.9819336,0.03350424,0.0007174683,-0.02330855,0.03350424,0.0007174683,-0.02330855,-0.03715515,0.2005005,0.9789734,-0.03715515,0.2005005,0.9789734,3.241272,3.241272,True,True,True
863851,63781122257769,-15.04096,2.750094,-1.185264,-0.01344148,0.9982349,-0.01335929,-0.05628569,0.002272736,-0.0005800171,-0.02262479,-0.03405762,0.1855469,0.9820404,0.03350443,0.0007164002,-0.02330801,0.03350443,0.0007164002,-0.02330801,-0.03752136,0.2001343,0.9790344,-0.03752136,0.2001343,0.9790344,3.232941,3.232941,True,True,True
863859,63781122257780,-15.041,2.750096,-1.185265,-0.01340855,0.9982238,-0.01338524,-0.05648282,0.002147583,-0.0005867768,-0.0226208,-0.0345459,0.1857758,0.9819794,0.03350459,0.0007153473,-0.02330747,0.03350459,0.0007153473,-0.02330747,-0.03788757,0.2007141,0.9789124,-0.03788757,0.2007141,0.9789124,3.225388,3.225388,True,True,True
863868,63781122257792,-15.04107,2.75,-1.185191,-0.01342355,0.9982166,-0.01333638,-0.05661858,0.002221375,-0.000584549,-0.02262102,-0.03437805,0.1857758,0.9819794,0.03350484,0.0007136383,-0.02330654,0.03350484,0.0007136383,-0.02330654,-0.03752136,0.20047,0.9789734,-0.03752136,0.20047,0.9789734,3.219681,3.219681,True,True,True
863876,63781122257803,-15.04119,2.750041,-1.185081,-0.01333609,0.9982094,-0.0134101,-0.05674849,0.002427094,-0.0005768585,-0.02262413,-0.03451538,0.1859131,0.9819489,0.03350507,0.0007119293,-0.0233056,0.03350507,0.0007119293,-0.0233056,-0.03779602,0.2003479,0.9789886,-0.03779602,0.2003479,0.9789886,3.225159,3.225159,True,True,True
863885,63781122257803,-15.04119,2.750041,-1.185081,-0.01333609,0.9982094,-0.0134101,-0.05674849,0.002768662,-0.0005628968,-0.02262863,-0.03442383,0.1858978,0.9819641,0.03350508,0.0007116547,-0.02330353,0.03350508,0.0007116547,-0.02330353,-0.03747559,0.2002869,0.9790039,-0.03747559,0.2002869,0.9790039,3.22171,3.22171,True,True,True
863893,63781122257813,-15.04134,2.750048,-1.185076,-0.01324885,0.998209,-0.01325705,-0.05681115,0.003069595,-0.0005506134,-0.02263226,-0.03434753,0.1859589,0.9819489,0.0335051,0.0007113953,-0.02330147,0.0335051,0.0007113953,-0.02330147,-0.03715515,0.2001953,0.9790344,-0.03715515,0.2001953,0.9790344,3.217972,3.217972,True,True,True
863901,63781122257825,-15.0414,2.750042,-1.185102,-0.01328548,0.998202,-0.01320216,-0.0569382,0.003156509,-0.0005476685,-0.02263107,-0.034729,0.1864014,0.9818573,0.03350515,0.000709961,-0.02329834,0.03350515,0.000709961,-0.02329834,-0.03749084,0.2003632,0.9789886,-0.03749084,0.2003632,0.9789886,3.221863,3.221863,True,True,True
863910,63781122257836,-15.04149,2.750064,-1.185069,-0.01328361,0.9981921,-0.01310061,-0.0571365,0.003182907,-0.000547287,-0.02262714,-0.03494263,0.1863556,0.9818573,0.03350518,0.0007085419,-0.02329523,0.03350518,0.0007085419,-0.02329523,-0.03785706,0.2004242,0.9789734,-0.03785706,0.2004242,0.9789734,3.218155,3.218155,True,True,True
863918,63781122257836,-15.04149,2.750064,-1.185069,-0.01328361,0.9981921,-0.01310061,-0.0571365,0.00318454,-0.0005472107,-0.02262183,-0.03486633,0.1868439,0.9817657,0.03350559,0.0007085419,-0.02329009,0.03350559,0.0007085419,-0.02329009,-0.03808594,0.2001801,0.9790039,-0.03808594,0.2001801,0.9790039,3.218201,3.218201,True,True,True
863926,63781122257847,-15.04155,2.750046,-1.185048,-0.01353845,0.9981775,-0.0130458,-0.05734409,0.003128983,-0.0005506134,-0.0226172,-0.03485107,0.1868744,0.9817505,0.03350592,0.0007080689,-0.02328593,0.03350592,0.0007080689,-0.02328593,-0.03804016,0.2000275,0.9790344,-0.03804016,0.2000275,0.9790344,3.218216,3.218216,True,True,True
863935,63781122257859,-15.04164,2.75001,-1.185091,-0.01372273,0.9981658,-0.01290571,-0.05753389,0.002952393,-0.0005597077,-0.02260634,-0.03477478,0.1860352,0.9819183,0.03350643,0.0007049256,-0.02327597,0.03350643,0.0007049256,-0.02327597,-0.03799438,0.2001801,0.9790192,-0.03799438,0.2001801,0.9790192,3.218506,3.218506,True,True,True
863943,63781122257869,-15.04175,2.749995,-1.185112,-0.01398079,0.998151,-0.01291344,-0.05772719,0.002729996,-0.0005708771,-0.02259836,-0.03437805,0.1859283,0.9819489,0.03350721,0.0007043152,-0.02327167,0.03350721,0.0007043152,-0.02327167,-0.0375824,0.1996002,0.9791412,-0.0375824,0.1996002,0.9791412,3.21846,3.21846,True,True,True
863951,63781122257869,-15.04175,2.749995,-1.185112,-0.01398079,0.998151,-0.01291344,-0.05772719,0.002523972,-0.0005802155,-0.02258836,-0.03421021,0.1856232,0.9820099,0.03350845,0.0007037964,-0.02326756,0.03350845,0.0007037964,-0.02326756,-0.03730774,0.1995544,0.9791718,-0.03730774,0.1995544,0.9791718,3.22818,3.22818,True,True,True
863960,63781122257881,-15.04186,2.749955,-1.185084,-0.01413525,0.9981393,-0.01296252,-0.05788085,0.002177231,-0.0005963135,-0.0225748,-0.03427124,0.1848755,0.9821472,0.03350919,0.0007020722,-0.02325938,0.03350919,0.0007020722,-0.02325938,-0.03747559,0.199173,0.9792328,-0.03747559,0.199173,0.9792328,3.22821,3.22821,True,True,True
863968,63781122257892,-15.042,2.749952,-1.185056,-0.01416704,0.9981142,-0.01309783,-0.05827347,0.001881912,-0.0006116334,-0.02256601,-0.03390503,0.1850739,0.982132,0.03351051,0.0006995545,-0.02325462,0.03351051,0.0006995545,-0.02325462,-0.0372467,0.1992035,0.979248,-0.0372467,0.1992035,0.979248,3.228546,3.228546,True,True,True
863976,63781122257903,-15.04212,2.749869,-1.185068,-0.01408034,0.9981062,-0.0132929,-0.05838708,0.0005919343,-0.0006882935,-0.02251055,-0.03358459,0.1869812,0.981781,0.03352365,0.0006523133,-0.02319617,0.03352365,0.0006523133,-0.02319617,-0.03686523,0.2041168,0.978241,-0.03686523,0.2041168,0.978241,3.263245,3.263245,True,True,True
863985,63781122257903,-15.04212,2.749869,-1.185068,-0.01408034,0.9981062,-0.0132929,-0.05838708,-0.0005612488,-0.0007313385,-0.02249178,-0.03675842,0.1858063,0.9818878,0.03353323,0.0006614685,-0.02320812,0.03353323,0.0006614685,-0.02320812,-0.04426575,0.2028809,0.9781952,-0.04426575,0.2028809,0.9781952,3.213516,3.213516,True,True,True
863993,63781122257914,-15.04224,2.749808,-1.185099,-0.0141338,0.9980811,-0.01364167,-0.05872278,-0.00106897,-0.0008073731,-0.02245975,-0.03495789,0.1918945,0.9807892,0.03353358,0.0006565247,-0.02320885,0.03353358,0.0006565247,-0.02320885,-0.04464722,0.2027893,0.9781952,-0.04464722,0.2027893,0.9781952,3.270325,3.270325,True,True,True
864001,63781122257926,-15.04234,2.749766,-1.185165,-0.01410054,0.9980625,-0.01399219,-0.05896377,0.002182495,-0.0006007843,-0.02263272,-0.0388031,0.1816711,0.9825897,0.03353986,0.0006681671,-0.02322641,0.03353986,0.0006681671,-0.02322641,-0.04104614,0.2028198,0.9783478,-0.04104614,0.2028198,0.9783478,3.290985,3.290985,True,True,True
864010,63781122257937,-15.04248,2.749691,-1.185257,-0.01414276,0.9980438,-0.01441982,-0.05916637,0.004367508,-0.0005087738,-0.02266004,-0.03697205,0.1868744,0.9816742,0.03352971,0.0006947632,-0.02327194,0.03352971,0.0006947632,-0.02327194,-0.04380798,0.2033997,0.9781036,-0.04380798,0.2033997,0.9781036,3.29718,3.29718,True,True,True
864018,63781122257937,-15.04248,2.749691,-1.185257,-0.01414276,0.9980438,-0.01441982,-0.05916637,-0.02823898,-0.001757095,-0.0222757,-0.03659058,0.1701355,0.984726,0.03339302,0.0008109131,-0.02330719,0.03339302,0.0008109131,-0.02330719,0,0,0,0,0,0,-1,-1,True,True,True
864026,63781122257948,-15.04257,2.749555,-1.185283,-0.01416927,0.9980327,-0.01478465,-0.05925724,-0.02828151,-0.001703751,-0.02237616,-0.008178711,0.151123,0.9884644,0.03327156,0.0001206055,-0.02135884,0.03327156,0.0001206055,-0.02135884,0,0,0,0,0,0,-1,-1,True,True,True
864035,63781122257959,-15.04269,2.749482,-1.185337,-0.0142803,0.9980202,-0.01528617,-0.05931488,-0.001,-0.001,-0.001,1,-1,-1,0.03330667,0.0004520264,-0.02261412,0.03330667,0.0004520264,-0.02261412,0,0,0,0,0,0,-1,-1,False,True,True
864043,63781122257959,-15.04269,2.749482,-1.185337,-0.0142803,0.9980202,-0.01528617,-0.05931488,-0.001,-0.001,-0.001,1,-1,-1,0.03330667,0.0004520264,-0.02261412,0.03330667,0.0004520264,-0.02261412,0,0,0,0,0,0,-1,-1,False,False,False
864051,63781122257971,-15.04288,2.749347,-1.185279,-0.01428184,0.9980125,-0.01575238,-0.05932118,-0.001,-0.001,-0.001,1,-1,-1,0.03330667,0.0004520264,-0.02261412,0.03330667,0.0004520264,-0.02261412,0,0,0,0,0,0,-1,-1,False,False,False
864059,63781122257982,-15.04295,2.749264,-1.185355,-0.01439234,0.998005,-0.01637273,-0.05925286,-0.001,-0.001,-0.001,1,-1,-1,0.03330667,0.0004520264,-0.02261412,0.03330667,0.0004520264,-0.02261412,0,0,0,0,0,0,-1,-1,False,False,False
864068,63781122257993,-15.04308,2.749168,-1.185378,-0.0145152,0.9979985,-0.01689781,-0.05918474,-0.001,-0.001,-0.001,1,-1,-1,0.03330667,0.0004520264,-0.02261412,0.03330667,0.0004520264,-0.02261412,0,0,0,0,0,0,-1,-1,False,False,False
864076,63781122257993,-15.04308,2.749168,-1.185378,-0.0145152,0.9979985,-0.01689781,-0.05918474,-0.001,-0.001,-0.001,1,-1,-1,0.03330667,0.0004520264,-0.02261412,0.03330667,0.0004520264,-0.02261412,0,0,0,0,0,0,-1,-1,False,False,False
864084,63781122258004,-15.04326,2.749019,-1.185383,-0.01466703,0.9979923,-0.01750228,-0.05907559,-0.001,-0.001,-0.001,1,-1,-1,0.03330667,0.0004520264,-0.02261412,0.03330667,0.0004520264,-0.02261412,0,0,0,0,0,0,-1,-1,False,False,False
864093,63781122258016,-15.04334,2.748909,-1.185468,-0.01481451,0.9979826,-0.01808631,-0.0590265,-0.001,-0.001,-0.001,1,-1,-1,0.03313852,-0.001350906,-0.02325633,0.03313852,-0.001350906,-0.02325633,0,0,0,0,0,0,-1,-1,False,True,True
864101,63781122258027,-15.04343,2.748764,-1.185586,-0.01498066,0.9979706,-0.01862858,-0.05901898,-0.001,-0.001,-0.001,1,-1,-1,0.0327234,0.003363953,-0.0386175,0.0327234,0.003363953,-0.0386175,0,0,0,0,0,0,-1,-1,False,True,True
864109,63781122258027,-15.04343,2.748764,-1.185586,-0.01498066,0.9979706,-0.01862858,-0.05901898,-0.001,-0.001,-0.001,1,-1,-1,0.03187026,-0.001953842,-0.02071144,0.03187026,-0.001953842,-0.02071144,0,0,0,0,0,0,-1,-1,False,True,True
864118,63781122258038,-15.04351,2.748605,-1.185662,-0.01503579,0.9979576,-0.01936996,-0.05898663,-0.001,-0.001,-0.001,1,-1,-1,0.03332825,-0.001723328,-0.02676526,0.03332825,-0.001723328,-0.02676526,0,0,0,0,0,0,-1,-1,False,True,True
864126,63781122258049,-15.04359,2.74841,-1.185752,-0.01487346,0.9979455,-0.02021408,-0.05894825,-0.02815318,-0.004002533,-0.02250665,0.04544067,-0.1655731,0.9851379,0.03312294,0.0004437714,-0.03231378,0.03312294,0.0004437714,-0.03231378,0.148407,0.02052307,0.9887085,0.148407,0.02052307,0.9887085,4.348663,4.348663,True,True,True
864134,63781122258060,-15.04367,2.748231,-1.185905,-0.01466901,0.9979377,-0.02115055,-0.05880278,-0.02842737,-0.002662552,-0.02242479,0.01797485,-0.2325592,0.9724121,0.03299675,0.0001332092,-0.02398412,0.03299675,0.0001332092,-0.02398412,-0.03752136,-0.130661,0.9907074,-0.03752136,-0.130661,0.9907074,2.886444,2.886444,True,True,True
864143,63781122258060,-15.04367,2.748231,-1.185905,-0.01466901,0.9979377,-0.02115055,-0.05880278,-0.02840264,-0.002686157,-0.02251076,0.02732849,-0.1676331,0.9854584,0.03302716,0.0005031434,-0.0260448,0.03302716,0.0005031434,-0.0260448,0.01423645,-0.08912659,0.9959106,0.01423645,-0.08912659,0.9959106,3.175568,3.175568,True,True,True
864151,63781122258071,-15.04371,2.748086,-1.186007,-0.01460119,0.9979284,-0.02221119,-0.05858663,-0.02839522,-0.002825516,-0.02249025,0.02955627,-0.1777039,0.9836273,0.0330374,0.0003330841,-0.02547746,0.0330374,0.0003330841,-0.02547746,-0.001373291,-0.1781464,0.9839935,-0.001373291,-0.1781464,0.9839935,2.579407,2.579407,True,True,True
864159,63781122258082,-15.04374,2.747942,-1.186196,-0.01445633,0.9979181,-0.02324405,-0.05839624,-0.0283571,-0.002892212,-0.0225275,0.03616333,-0.1744537,0.9839935,0.03292749,-0.0002231293,-0.02383077,0.03292749,-0.0002231293,-0.02383077,0.00604248,-0.1746063,0.9846039,0.00604248,-0.1746063,0.9846039,2.959747,2.959747,True,True,True
864168,63781122258093,-15.04375,2.747823,-1.186324,-0.0144256,0.9979172,-0.02423987,-0.05801363,-0.002013123,-0.0004842682,-0.02859044,-0.01519775,-0.1196747,0.992691,0.03294025,-0.0002765656,-0.02408031,0.03294025,-0.0002765656,-0.02408031,0.01373291,-0.1981964,0.9800568,0.01373291,-0.1981964,0.9800568,2.79985,2.79985,True,True,True
864176,63781122258093,-15.04375,2.747823,-1.186324,-0.0144256,0.9979172,-0.02423987,-0.05801363,-0.002140717,-0.0005640411,-0.02840707,-0.01985168,-0.1397095,0.9899902,0.03292249,-0.0003990479,-0.02391438,0.03292249,-0.0003990479,-0.02391438,0.0206604,-0.1683197,0.9855042,0.0206604,-0.1683197,0.9855042,3.100281,3.100281,True,True,True
864184,63781122258104,-15.04373,2.747722,-1.186482,-0.01462886,0.9979081,-0.02520222,-0.05770959,-0.00244455,-0.002110657,-0.02294097,0.01986694,-0.1984558,0.9799042,0.03289136,-0.0005757447,-0.02363591,0.03289136,-0.0005757447,-0.02363591,0.01309204,-0.1976776,0.9801788,0.01309204,-0.1976776,0.9801788,2.970673,2.970673,True,True,True
864193,63781122258116,-15.04363,2.747485,-1.186526,-0.01488467,0.9979081,-0.02602777,-0.05727541,-0.007291123,-0.002482651,-0.02264702,0.01998901,-0.2094727,0.9776001,0.03287276,-0.0006814728,-0.02363332,0.03287276,-0.0006814728,-0.02363332,0.009216309,-0.237915,0.9712372,0.009216309,-0.237915,0.9712372,3.048447,3.048447,True,True,True
864201,63781122258127,-15.04344,2.747325,-1.186712,-0.01510741,0.9979087,-0.02685801,-0.05682227,-0.004340881,-0.002411865,-0.02265933,0.02528381,-0.2241669,0.9742126,0.03287207,-0.0007521515,-0.02357213,0.03287207,-0.0007521515,-0.02357213,0.01403809,-0.2471619,0.9688568,0.01403809,-0.2471619,0.9688568,2.916946,2.916946,True,True,True
864209,63781122258127,-15.04344,2.747325,-1.186712,-0.01510741,0.9979087,-0.02685801,-0.05682227,0.03288597,-0.0007279358,-0.02367604,0.02871704,-0.2299652,0.9727631,0.03288597,-0.0007279358,-0.02367604,0.03288597,-0.0007279358,-0.02367604,0.02871704,-0.2299652,0.9727631,0.02871704,-0.2299652,0.9727631,3.07959,3.07959,True,True,True
864218,63781122258138,-15.04336,2.747114,-1.186742,-0.01497318,0.9979245,-0.0276533,-0.05619483,0.03289707,-0.000735489,-0.02370805,0.02026367,-0.2162018,0.9761353,0.03289707,-0.000735489,-0.02370805,0.03289707,-0.000735489,-0.02370805,0.02026367,-0.2162018,0.9761353,0.02026367,-0.2162018,0.9761353,3.228745,3.228745,True,True,True
864226,63781122258149,-15.04324,2.746896,-1.186917,-0.01450996,0.9979448,-0.02847199,-0.05554239,0.03291898,-0.000815155,-0.02348175,0.02575684,-0.2076263,0.9778595,0.03291898,-0.000815155,-0.02348175,0.03291898,-0.000815155,-0.02348175,0.02575684,-0.2076263,0.9778595,0.02575684,-0.2076263,0.9778595,3.210815,3.210815,True,True,True
864234,63781122258160,-15.04316,2.74671,-1.187002,-0.01364242,0.9979744,-0.02958445,-0.05464298,0.03291742,-0.0007904511,-0.02357041,0.02964783,-0.2067871,0.9779205,0.03291742,-0.0007904511,-0.02357041,0.03291742,-0.0007904511,-0.02357041,0.02964783,-0.2067871,0.9779205,0.02964783,-0.2067871,0.9779205,3.242737,3.242737,True,True,True
864243,63781122258160,-15.04316,2.74671,-1.187002,-0.01364242,0.9979744,-0.02958445,-0.05464298,0.03291649,-0.0007701417,-0.02369386,0.03355408,-0.1940918,0.9803925,0.03291649,-0.0007701417,-0.02369386,0.03291649,-0.0007701417,-0.02369386,0.03355408,-0.1940918,0.9803925,0.03355408,-0.1940918,0.9803925,3.256256,3.256256,True,True,True
864251,63781122258171,-15.043,2.746441,-1.187206,-0.01256394,0.9980044,-0.03084839,-0.05364475,0.03292682,-0.0008218842,-0.02349251,0.0327301,-0.1887817,0.9814606,0.03292682,-0.0008218842,-0.02349251,0.03292682,-0.0008218842,-0.02349251,0.0327301,-0.1887817,0.9814606,0.0327301,-0.1887817,0.9814606,3.242752,3.242752,True,True,True
864259,63781122258182,-15.04278,2.746206,-1.18741,-0.01139843,0.9980268,-0.03237127,-0.05258064,0.005183395,-0.002006775,-0.02288893,0.03538513,-0.186264,0.9818573,0.03291982,-0.0008035126,-0.02351917,0.03291982,-0.0008035126,-0.02351917,0.03321838,-0.1908417,0.9810486,0.03321838,-0.1908417,0.9810486,3.253128,3.253128,True,True,True
864268,63781122258193,-15.04259,2.745956,-1.187595,-0.01039945,0.9980345,-0.03396834,-0.05162669,-0.01021889,-0.002672272,-0.02251106,0.03198242,-0.1965637,0.9799652,0.03292006,-0.0008038025,-0.02350113,0.03292006,-0.0008038025,-0.02350113,0.0330658,-0.1927338,0.9806824,0.0330658,-0.1927338,0.9806824,3.231995,3.231995,True,True,True
864276,63781122258193,-15.04259,2.745956,-1.187595,-0.01039945,0.9980345,-0.03396834,-0.05162669,-0.0128006,-0.002814682,-0.02243228,0.03796387,-0.1911774,0.9808044,0.03291553,-0.0008118134,-0.02341951,0.03291553,-0.0008118134,-0.02341951,0.03594971,-0.1931763,0.9804993,0.03594971,-0.1931763,0.9804993,3.220627,3.220627,True,True,True
864284,63781122258204,-15.04232,2.745713,-1.187782,-0.009461502,0.9980444,-0.03551573,-0.05056296,-0.01541777,-0.002939346,-0.02236112,0.03253174,-0.1899719,0.9812469,0.03290013,-0.0007913666,-0.02344093,0.03290013,-0.0007913666,-0.02344093,0.03236389,-0.18927,0.9813843,0.03236389,-0.18927,0.9813843,3.237762,3.237762,True,True,True
864293,63781122258215,-15.04207,2.745378,-1.187864,-0.008748482,0.9980391,-0.03702631,-0.04970423,-0.01249551,-0.002813996,-0.02243097,0.03591919,-0.1873169,0.9816284,0.03289504,-0.0007787018,-0.02342064,0.03289504,-0.0007787018,-0.02342064,0.03797913,-0.1858368,0.981842,0.03797913,-0.1858368,0.981842,3.275192,3.275192,True,True,True
864301,63781122258227,-15.0419,2.744994,-1.187985,-0.008169645,0.9980369,-0.03855935,-0.04867032,-0.01157559,-0.002773529,-0.02244263,0.03640747,-0.191452,0.9808197,0.03289089,-0.0007914276,-0.0233721,0.03289089,-0.0007914276,-0.0233721,0.03552246,-0.182251,0.982605,0.03552246,-0.182251,0.982605,3.26796,3.26796,True,True,True
864309,63781122258227,-15.0419,2.744994,-1.187985,-0.008169645,0.9980369,-0.03855935,-0.04867032,-0.01374399,-0.002862824,-0.022411,0.03826904,-0.1916809,0.9806976,0.03286372,-0.0007641449,-0.02340686,0.03286372,-0.0007641449,-0.02340686,0.03843689,-0.1825562,0.9824371,0.03843689,-0.1825562,0.9824371,3.190689,3.190689,True,True,True
864318,63781122258238,-15.04171,2.744599,-1.187959,-0.00746857,0.9980057,-0.04038826,-0.04793261,-0.01106218,-0.00273201,-0.0224951,0.0369873,-0.1898956,0.9810944,0.03283106,-0.0007356568,-0.0234796,0.03283106,-0.0007356568,-0.0234796,0.03759766,-0.1849213,0.9820251,0.03759766,-0.1849213,0.9820251,3.151413,3.151413,True,True,True
864326,63781122258248,-15.04159,2.744182,-1.187839,-0.006384984,0.9979668,-0.04218844,-0.04734736,-0.009909989,-0.002661301,-0.02258637,0.03967285,-0.1834717,0.9822083,0.03280539,-0.0007235718,-0.02365955,0.03280539,-0.0007235718,-0.02365955,0.04492188,-0.1681519,0.984726,0.04492188,-0.1681519,0.984726,3.171341,3.171341,True,True,True
864334,63781122258260,-15.04153,2.743846,-1.18765,-0.005312821,0.9979014,-0.04409493,-0.0471187,-0.01003256,-0.002656433,-0.02253287,0.03712463,-0.1759796,0.9836884,0.03278667,-0.0007192078,-0.02350359,0.03278667,-0.0007192078,-0.02350359,0.04043579,-0.1660309,0.9852753,0.04043579,-0.1660309,0.9852753,3.121002,3.121002,True,True,True
864343,63781122258260,-15.04153,2.743846,-1.18765,-0.005312821,0.9979014,-0.04409493,-0.0471187,-0.01079181,-0.002669846,-0.02251392,0.04164124,-0.1732025,0.9839935,0.03276531,-0.0006662903,-0.02352846,0.03276531,-0.0006662903,-0.02352846,0.04075623,-0.1633301,0.9857178,0.04075623,-0.1633301,0.9857178,3.128998,3.128998,True,True,True
864351,63781122258271,-15.04148,2.743647,-1.187462,-0.004186907,0.9978302,-0.04584661,-0.04706838,-0.01142592,-0.002665619,-0.02246468,0.03918457,-0.1745605,0.9838562,0.03274921,-0.000626999,-0.02340578,0.03274921,-0.000626999,-0.02340578,0.04043579,-0.1606293,0.9861755,0.04043579,-0.1606293,0.9861755,3.08992,3.08992,True,True,True
864359,63781122258282,-15.04153,2.743642,-1.187287,-0.003319075,0.9977759,-0.04685459,-0.04729686,-0.01146417,-0.002600647,-0.02250488,0.04420471,-0.1821594,0.9822693,0.03273924,-0.0005096436,-0.02351349,0.03273924,-0.0005096436,-0.02351349,0.04397583,-0.1772919,0.9831696,0.04397583,-0.1772919,0.9831696,3.09462,3.09462,True,True,True
864368,63781122258293,-15.0415,2.743763,-1.187238,-0.002782729,0.9977567,-0.0471117,-0.04747994,-0.01137985,-0.002557678,-0.02249155,0.04153442,-0.1760101,0.9835052,0.03274373,-0.0004890442,-0.0234478,0.03274373,-0.0004890442,-0.0234478,0.04647827,-0.178421,0.9828491,0.04647827,-0.178421,0.9828491,3.100418,3.100418,True,True,True
864376,63781122258293,-15.0415,2.743763,-1.187238,-0.002782729,0.9977567,-0.0471117,-0.04747994,-0.01517748,-0.002721298,-0.02245763,0.04141235,-0.1817627,0.9824677,0.03276488,-0.0004336243,-0.02366808,0.03276488,-0.0004336243,-0.02366808,0.04141235,-0.1701355,0.9845428,0.04141235,-0.1701355,0.9845428,3.152115,3.152115,True,True,True
864384,63781122258304,-15.04153,2.743975,-1.187282,-0.002695046,0.9977691,-0.04656462,-0.04776374,-0.01276068,-0.002624725,-0.02248049,0.0411377,-0.1798248,0.9828339,0.03276673,-0.000465271,-0.02353917,0.03276673,-0.000465271,-0.02353917,0.04295349,-0.1670685,0.9850006,0.04295349,-0.1670685,0.9850006,3.04129,3.04129,True,True,True
864393,63781122258315,-15.04143,2.744154,-1.187351,-0.002886028,0.9977786,-0.04588697,-0.0482081,-0.01382924,-0.00270343,-0.02241535,0.03860474,-0.1779327,0.9832764,0.03277382,-0.0005363922,-0.02337226,0.03277382,-0.0005363922,-0.02337226,0.03552246,-0.1700134,0.984787,0.03552246,-0.1700134,0.984787,3.085312,3.085312,True,True,True
864401,63781122258327,-15.04145,2.744291,-1.187453,-0.003084371,0.997807,-0.04493223,-0.048506,-0.015336,-0.002796723,-0.02239815,0.03923035,-0.174881,0.9837952,0.03278346,-0.0005657196,-0.0234281,0.03278346,-0.0005657196,-0.0234281,0.03923035,-0.1638184,0.9857025,0.03923035,-0.1638184,0.9857025,3.125031,3.125031,True,True,True
864409,63781122258327,-15.04145,2.744291,-1.187453,-0.003084371,0.997807,-0.04493223,-0.048506,-0.0144027,-0.002784668,-0.02240894,0.04064941,-0.1732788,0.984024,0.03279866,-0.0006286774,-0.02338176,0.03279866,-0.0006286774,-0.02338176,0.04269409,-0.1655731,0.98526,0.04269409,-0.1655731,0.98526,3.094269,3.094269,True,True,True
864418,63781122258338,-15.04146,2.744301,-1.187647,-0.002952137,0.9978245,-0.04448065,-0.04856973,-0.01601537,-0.002878449,-0.02237317,0.04032898,-0.17099,0.984436,0.03281279,-0.0006678162,-0.02336618,0.03281279,-0.0006678162,-0.02336618,0.04125977,-0.1619415,0.9859314,0.04125977,-0.1619415,0.9859314,3.168625,3.168625,True,True,True
864426,63781122258349,-15.04143,2.744182,-1.187803,-0.002698295,0.9978425,-0.04420787,-0.04846536,-0.01396849,-0.002797333,-0.02243556,0.04078674,-0.1708374,0.9844513,0.03282161,-0.0006678925,-0.0234504,0.03282161,-0.0006678925,-0.0234504,0.04318237,-0.170517,0.9844055,0.04318237,-0.170517,0.9844055,3.159836,3.159836,True,True,True
864434,63781122258360,-15.04138,2.743966,-1.188055,-0.002283549,0.9978426,-0.04451384,-0.04820382,-0.01334436,-0.002784699,-0.02245087,0.04060364,-0.1689606,0.9847717,0.03283933,-0.0006985627,-0.02345107,0.03283933,-0.0006985627,-0.02345107,0.04241943,-0.1655731,0.9852753,0.04241943,-0.1655731,0.9852753,3.157196,3.157196,True,True,True
864443,63781122258360,-15.04138,2.743966,-1.188055,-0.002283549,0.9978426,-0.04451384,-0.04820382,-0.01149733,-0.002716751,-0.02248241,0.04104614,-0.1695404,0.9846649,0.03285149,-0.0007262421,-0.02341519,0.03285149,-0.0007262421,-0.02341519,0.04385376,-0.1701508,0.984436,0.04385376,-0.1701508,0.984436,3.200882,3.200882,True,True,True
864451,63781122258371,-15.04136,2.743752,-1.188236,-0.00188572,0.9978361,-0.04513218,-0.04777706,-0.0139997,-0.002841721,-0.02241011,0.04170227,-0.170166,0.9845276,0.03285747,-0.0007539521,-0.02332843,0.03285747,-0.0007539521,-0.02332843,0.04582214,-0.1727295,0.983902,0.04582214,-0.1727295,0.983902,3.2043,3.2043,True,True,True
864459,63781122258382,-15.04139,2.743469,-1.188399,-0.001490435,0.9978147,-0.04607366,-0.04733724,-0.00975087,-0.002662918,-0.02248044,0.04179382,-0.1706696,0.984436,0.03286237,-0.0007701417,-0.02328334,0.03286237,-0.0007701417,-0.02328334,0.04393005,-0.1734772,0.9838409,0.04393005,-0.1734772,0.9838409,3.21196,3.21196,True,True,True
864468,63781122258393,-15.04133,2.743236,-1.188664,-0.001234459,0.9977891,-0.04708184,-0.04689037,-0.007857315,-0.002585266,-0.02251792,0.04074097,-0.1695099,0.9846802,0.03286357,-0.0007699433,-0.02328996,0.03286357,-0.0007699433,-0.02328996,0.04188538,-0.1694183,0.9846497,0.04188538,-0.1694183,0.9846497,3.24437,3.24437,True,True,True
864476,63781122258393,-15.04133,2.743236,-1.188664,-0.001234459,0.9977891,-0.04708184,-0.04689037,-0.01008597,-0.002691437,-0.02247719,0.04039001,-0.1683502,0.9848938,0.0328634,-0.0007697449,-0.02329659,0.0328634,-0.0007697449,-0.02329659,0.04248047,-0.1654358,0.9852905,0.04248047,-0.1654358,0.9852905,3.213196,3.213196,True,True,True
864484,63781122258404,-15.04121,2.74301,-1.188936,-0.001311362,0.9977612,-0.04824845,-0.04629295,-0.01032143,-0.002710617,-0.0224727,0.04086304,-0.1679382,0.9849396,0.03286313,-0.0007656861,-0.02329851,0.03286313,-0.0007656861,-0.02329851,0.04315186,-0.164505,0.9854279,0.04315186,-0.164505,0.9854279,3.206482,3.206482,True,True,True
864493,63781122258415,-15.04122,2.742713,-1.189251,-0.001405586,0.9977399,-0.04934982,-0.04558404,-0.01080325,-0.00274112,-0.02246349,0.04151917,-0.1675415,0.9849854,0.03286286,-0.0007616272,-0.02330043,0.03286286,-0.0007616272,-0.02330043,0.04385376,-0.1635132,0.9855499,0.04385376,-0.1635132,0.9855499,3.200195,3.200195,True,True,True
864501,63781122258426,-15.0411,2.742443,-1.189569,-0.001471781,0.9976965,-0.05072351,-0.04502017,-0.01100656,-0.002757538,-0.02245905,0.04226685,-0.1660156,0.9852142,0.03286261,-0.0007502899,-0.02329877,0.03286261,-0.0007502899,-0.02329877,0.04473877,-0.1631927,0.9855652,0.04473877,-0.1631927,0.9855652,3.184738,3.184738,True,True,True
864509,63781122258426,-15.0411,2.742443,-1.189569,-0.001471781,0.9976965,-0.05072351,-0.04502017,-0.006770844,-0.002567185,-0.0225405,0.04286194,-0.1642609,0.9854736,0.03286237,-0.0007600098,-0.0232971,0.03286237,-0.0007600098,-0.0232971,0.04573059,-0.1590118,0.9862061,0.04573059,-0.1590118,0.9862061,3.184418,3.184418,True,True,True
864518,63781122258437,-15.0411,2.7421,-1.189795,-0.001091972,0.9976307,-0.05241114,-0.0445529,-0.002097427,-0.002349716,-0.02263109,0.04341125,-0.1643219,0.9854431,0.03285948,-0.00075,-0.02329877,0.03285948,-0.00075,-0.02329877,0.04603577,-0.1604462,0.9859619,0.04603577,-0.1604462,0.9859619,3.192352,3.192352,True,True,True
864526,63781122258448,-15.04106,2.741714,-1.190056,-0.000586978,0.9975343,-0.05436848,-0.04437426,0.0002387543,-0.002228821,-0.02269597,0.04234314,-0.1576385,0.9865723,0.03279588,-0.0007231598,-0.02334067,0.03279588,-0.0007231598,-0.02334067,0.04341125,-0.1467896,0.988205,0.04341125,-0.1467896,0.988205,3.140305,3.140305,True,True,True
864534,63781122258460,-15.04107,2.741404,-1.190302,-0.000129394,0.9974114,-0.0565537,-0.04440897,0.000941864,-0.002192429,-0.02268581,0.04286194,-0.1599121,0.9861908,0.03278629,-0.0007155304,-0.02329045,0.03278629,-0.0007155304,-0.02329045,0.04457092,-0.1521454,0.9873352,0.04457092,-0.1521454,0.9873352,3.122269,3.122269,True,True,True
864543,63781122258460,-15.04107,2.741404,-1.190302,-0.000129394,0.9974114,-0.0565537,-0.04440897,-0.003136261,-0.00232756,-0.02249681,0.04264832,-0.1643372,0.9854736,0.03276445,-0.0007165985,-0.02310729,0.03276445,-0.0007165985,-0.02310729,0.0478363,-0.1566772,0.9864807,0.0478363,-0.1566772,0.9864807,3.218887,3.218887,True,True,True
864551,63781122258471,-15.04103,2.741109,-1.190576,0.0003950036,0.997304,-0.05829731,-0.04456556,-0.002921112,-0.002287765,-0.0226046,0.04060364,-0.1588745,0.9864502,0.03278401,-0.0006312256,-0.02329311,0.03278401,-0.0006312256,-0.02329311,0.04512024,-0.1592712,0.9861908,0.04512024,-0.1592712,0.9861908,3.163971,3.163971,True,True,True
864559,63781122258482,-15.04102,2.740931,-1.190788,0.0005788145,0.9972018,-0.05965776,-0.04504697,-0.003996796,-0.002298492,-0.02258118,0.0456543,-0.1639557,0.9853973,0.03278892,-0.0005973816,-0.02325208,0.03278892,-0.0005973816,-0.02325208,0.04690552,-0.1598053,0.9860229,0.04690552,-0.1598053,0.9860229,3.263672,3.263672,True,True,True
864568,63781122258494,-15.04103,2.740788,-1.191027,0.0007834275,0.9971177,-0.06070261,-0.04550723,-0.00512236,-0.002325653,-0.02255914,0.04342651,-0.162262,0.9857788,0.03279066,-0.0005803833,-0.0232372,0.03279066,-0.0005803833,-0.0232372,0.04187012,-0.1581421,0.9865112,0.04187012,-0.1581421,0.9865112,3.197388,3.197388,True,True,True
864576,63781122258494,-15.04103,2.740788,-1.191027,0.0007834275,0.9971177,-0.06070261,-0.04550723,-0.005685532,-0.002346664,-0.0225499,0.04319763,-0.1623383,0.9857788,0.03278857,-0.0005815583,-0.02323196,0.03278857,-0.0005815583,-0.02323196,0.04171753,-0.1560211,0.9868622,0.04171753,-0.1560211,0.9868622,3.268387,3.268387,True,True,True
864584,63781122258504,-15.0411,2.740641,-1.191169,0.0009943952,0.9970419,-0.06139754,-0.04622542,-0.005392288,-0.002328064,-0.02255437,0.04278564,-0.1639404,0.9855347,0.03278648,-0.0005820313,-0.0232372,0.03278648,-0.0005820313,-0.0232372,0.04109192,-0.1578674,0.9866028,0.04109192,-0.1578674,0.9866028,3.201004,3.201004,True,True,True
864593,63781122258515,-15.04107,2.74043,-1.191263,0.001184683,0.9969438,-0.06230048,-0.04711928,-0.00441359,-0.002276596,-0.02257076,0.04182434,-0.1644897,0.9854889,0.03278307,-0.0005812073,-0.02324107,0.03278307,-0.0005812073,-0.02324107,0.04048157,-0.1579285,0.986618,0.04048157,-0.1579285,0.986618,3.234177,3.234177,True,True,True
864601,63781122258526,-15.04116,2.740304,-1.191305,0.001345695,0.9968451,-0.06307519,-0.04816325,-0.004599259,-0.002330185,-0.02257955,0.03800964,-0.1612396,0.9861755,0.03276901,-0.000593216,-0.02331804,0.03276901,-0.000593216,-0.02331804,0.03955078,-0.1512451,0.9877014,0.03955078,-0.1512451,0.9877014,3.218338,3.218338,True,True,True
864609,63781122258526,-15.04116,2.740304,-1.191305,0.001345695,0.9968451,-0.06307519,-0.04816325,-0.007783478,-0.002635727,-0.02257271,0.04119873,-0.2012329,0.9786682,0.03269557,-0.0007282257,-0.02343196,0.03269557,-0.0007282257,-0.02343196,0.04855347,-0.1944122,0.9797058,0.04855347,-0.1944122,0.9797058,3.30661,3.30661,True,True,True
864618,63781122258538,-15.04124,2.740241,-1.191383,0.001643423,0.9967601,-0.06360593,-0.04920401,-0.01222975,-0.003090302,-0.02251349,0.04325867,-0.2715607,0.961441,0.03262081,-0.0009910279,-0.02342865,0.03262081,-0.0009910279,-0.02342865,0.04808044,-0.2572327,0.9651489,0.04808044,-0.2572327,0.9651489,3.198227,3.198227,True,True,True
864626,63781122258548,-15.04128,2.740249,-1.191488,0.001696448,0.9966867,-0.06391728,-0.05027276,-0.01415871,-0.003396347,-0.02252245,0.04490662,-0.3152924,0.9479218,0.03252759,-0.001210465,-0.02348757,0.03252759,-0.001210465,-0.02348757,0.05134583,-0.3129272,0.9483795,0.05134583,-0.3129272,0.9483795,3.04248,3.04248,True,True,True
864634,63781122258560,-15.0413,2.740289,-1.191633,0.00175584,0.9966293,-0.06392138,-0.05139098,-0.01820732,-0.003823212,-0.02251309,0.04728699,-0.347168,0.9365997,0.0324572,-0.001480972,-0.02356239,0.0324572,-0.001480972,-0.02356239,0.04928589,-0.3414764,0.9385834,0.04928589,-0.3414764,0.9385834,3.222992,3.222992,True,True,True
864643,63781122258560,-15.0413,2.740289,-1.191633,0.00175584,0.9966293,-0.06392138,-0.05139098,-0.01705243,-0.003927262,-0.02261397,0.04333496,-0.3956299,0.9173737,0.03245491,-0.001619629,-0.02361842,0.03245491,-0.001619629,-0.02361842,0.05278015,-0.3904114,0.9191132,0.05278015,-0.3904114,0.9191132,3.229324,3.229324,True,True,True
864651,63781122258571,-15.04138,2.740298,-1.191861,0.001924747,0.9965679,-0.06403084,-0.05242817,-0.01006738,-0.003675049,-0.02278305,0.04600525,-0.4002533,0.9152374,0.032481,-0.001709381,-0.02364316,0.032481,-0.001709381,-0.02364316,0.05007935,-0.3970337,0.9164276,0.05007935,-0.3970337,0.9164276,3.335358,3.335358,True,True,True
