OcutimeStamp,UnityTimeStamp,leftPor.x,leftPor.y,rightPor.x,rightPor.y,cameraPosition.x,cameraPosition.y,cameraPosition.z,cameraRotation.x,cameraRotation.y,cameraRotation.z,cameraRotation.w,torsoPosition.x,torsoPosition.y,torsoPosition.z,torsoRotation.x,torsoRotation.y,torsoRotation.z,torsoRotation.w,meanBasePoint.x,meanBasePoint.y,meanBasePoint.z,meanGazeDirection.x,meanGazeDirection.y,meanGazeDirection.z,leftBasePoint.x,leftBasePoint.y,leftBasePoint.z,rightBasePoint.x,rightBasePoint.y,rightBasePoint.z,leftEyeDirection.x,leftEyeDirection.y,leftEyeDirection.z,rightEyeDirection.x,rightEyeDirection.y,rightEyeDirection.z,pupilDiameterL,pupilDiameterR,valL,valR
20963154928,63784343690339,0.5827992,0.5133255,0.5012096,0.5063317,-14.76999,2.108236,-0.2512257,-0.07502778,0.8352003,0.0006812526,0.5448036,0,0,0,0,0,0,0,14.7708,-2.10426,0.2213521,-0.6926158,-0.2224119,-0.6861606,-0.0283616,0.003158371,-0.02768678,0.02996886,0.004794037,-0.03206033,0.1448517,0.03625488,0.9887848,0.07624817,0.01385498,0.9969788,0.002278595,0.00209584,True,True
20963163448,63784343690339,0.5827751,0.5131995,0.501541,0.5061602,-14.76999,2.108236,-0.2512257,-0.07502778,0.8352003,0.0006812526,0.5448036,0,0,0,0,0,0,0,14.77079,-2.104245,0.221311,-0.6926152,-0.2224128,-0.6861609,-0.02836678,0.003158371,-0.02768678,0.02996535,0.004822937,-0.03214261,0.1447906,0.03588867,0.9888,0.07711792,0.01335144,0.9969177,0.002278397,0.002094238,True,True
20963171666,63784343690339,0.5823407,0.5132079,0.5015689,0.5054834,-14.76999,2.108236,-0.2512257,-0.07502778,0.8352003,0.0006812526,0.5448036,0,0,0,0,0,0,0,14.77079,-2.104239,0.2213049,-0.6926156,-0.2224145,-0.68616,-0.02837289,0.003158371,-0.02768678,0.02995946,0.004835632,-0.03215465,0.1436768,0.03591919,0.9889679,0.07719421,0.0113678,0.9969482,0.00227858,0.002094315,True,True
20963179905,63784343690339,0.5825263,0.5133191,0.4999009,0.5056695,-14.76999,2.108236,-0.2512257,-0.07502778,0.8352003,0.0006812526,0.5448036,0,0,0,0,0,0,0,14.77078,-2.104237,0.2213001,-0.6926178,-0.2224131,-0.6861581,-0.02837903,0.003158371,-0.02768678,0.02995631,0.004839142,-0.03216425,0.1441498,0.03623962,0.9888763,0.07281494,0.01191711,0.9972687,0.002278656,0.002095657,True,True
20963188198,63784343690379,0.5816928,0.5150359,0.5019666,0.5069676,-14.77003,2.108202,-0.2513212,-0.0749751,0.835608,0.0002926582,0.5441856,0,0,0,0,0,0,0,14.77083,-2.104214,0.2214478,-0.6926597,-0.2225524,-0.6860706,-0.02838296,0.003173965,-0.0276877,0.02997121,0.004802078,-0.03205911,0.141983,0.04124451,0.9889984,0.07823181,0.01571655,0.9967957,0.002319458,0.002136444,True,True
20963196415,63784343690384,0.5967236,0.5141914,0.5152189,0.5044417,-14.77022,2.108149,-0.2517472,-0.07504427,0.8368638,0.0003121026,0.5422428,0,0,0,0,0,0,0,14.77117,-2.104084,0.2216574,-0.6925628,-0.2230658,-0.6860018,-0.02822728,0.003171097,-0.02766865,0.03012703,0.004959106,-0.03251091,0.1802521,0.0385437,0.9828491,0.1128387,0.008285522,0.993576,0.002380783,0.00219072,True,True
20963204879,63784343690389,0.6018637,0.5172645,0.5196248,0.5058421,-14.77024,2.108148,-0.2519104,-0.07498752,0.8373496,0.0004440252,0.5415002,0,0,0,0,0,0,0,14.77132,-2.104099,0.22188,-0.6925082,-0.2232435,-0.6859991,-0.02809334,0.003115601,-0.02752501,0.03023767,0.004982208,-0.03253586,0.1930847,0.04730225,0.9800262,0.1242523,0.01235962,0.9921722,0.002354538,0.002185287,True,True
20963213473,63784343690398,0.6025675,0.5150448,0.520734,0.505446,-14.77035,2.108087,-0.2521007,-0.07495806,0.8377236,0.0004767511,0.5409256,0,0,0,0,0,0,0,14.77151,-2.10404,0.2220741,-0.6924829,-0.2233949,-0.6859753,-0.02799391,0.003120712,-0.02753828,0.03031633,0.004972016,-0.03251505,0.1949005,0.04089355,0.9799652,0.127121,0.01119995,0.9918213,0.002367844,0.002136185,True,True
20963221631,63784343690409,0.6075249,0.514779,0.5255143,0.5062439,-14.77048,2.108065,-0.2522512,-0.07492666,0.8382407,0.0004375571,0.5401279,0,0,0,0,0,0,0,14.77168,-2.104028,0.2222187,-0.6924522,-0.2235952,-0.6859411,-0.02795606,0.00308696,-0.02747847,0.0303416,0.00498764,-0.03258655,0.2072449,0.0400238,0.9774628,0.1394348,0.01350403,0.9901276,0.00235701,0.002170868,True,True
20963229965,63784343690420,0.6053564,0.5172406,0.5227969,0.504899,-14.7706,2.108004,-0.2524069,-0.07485086,0.8387106,0.0004787195,0.5394087,0,0,0,0,0,0,0,14.77178,-2.103988,0.222421,-0.6924318,-0.2237684,-0.6859052,-0.0279732,0.003084442,-0.02748886,0.03032655,0.00494751,-0.03248302,0.2017975,0.04714966,0.9782867,0.1324463,0.009597778,0.9911346,0.002370865,0.002185059,True,True
20963238266,63784343690420,0.6053905,0.5169491,0.5246667,0.5025699,-14.7706,2.108004,-0.2524069,-0.07485086,0.8387106,0.0004787195,0.5394087,0,0,0,0,0,0,0,14.77176,-2.104001,0.222434,-0.6924279,-0.2237761,-0.6859066,-0.0279919,0.003088867,-0.02751946,0.03031493,0.004918076,-0.03242632,0.201889,0.04631042,0.978302,0.1372681,0.002807617,0.9905243,0.002342819,0.002160492,True,True
20963246749,63784343690431,0.6043334,0.5134732,0.5229365,0.5024279,-14.77072,2.107944,-0.2525114,-0.07457644,0.8392691,0.0003962543,0.5385774,0,0,0,0,0,0,0,14.77188,-2.103949,0.2225516,-0.6924134,-0.2239782,-0.6858553,-0.02800388,0.003071259,-0.02747482,0.03031468,0.004917389,-0.03244458,0.1993408,0.03633118,0.979248,0.1328125,0.00239563,0.9911346,0.002380081,0.002101151,True,True
20963255030,63784343690442,0.6036088,0.5138657,0.5228783,0.5037734,-14.77084,2.107881,-0.2526821,-0.07433321,0.839791,0.0004273349,0.5377969,0,0,0,0,0,0,0,14.77199,-2.103884,0.2227081,-0.6923826,-0.2241571,-0.6858279,-0.02800769,0.003069641,-0.02746681,0.03031369,0.004922851,-0.03248122,0.197525,0.03747559,0.9795685,0.1326599,0.006317139,0.9911346,0.002390213,0.002133453,True,True
20963263174,63784343690454,0.6028107,0.5141834,0.5228143,0.5047681,-14.771,2.107863,-0.2528638,-0.07436024,0.8403702,0.0004259732,0.5368876,0,0,0,0,0,0,0,14.77215,-2.103865,0.2228754,-0.6923603,-0.2243829,-0.6857765,-0.0280115,0.003068008,-0.0274588,0.03031268,0.004928314,-0.03251784,0.1955261,0.03840637,0.9799347,0.1324921,0.009216309,0.9911346,0.002380997,0.002164917,True,True
20963271618,63784343690454,0.6021025,0.5141469,0.5225132,0.505019,-14.771,2.107863,-0.2528638,-0.07436024,0.8403702,0.0004259732,0.5368876,0,0,0,0,0,0,0,14.77215,-2.103867,0.2228824,-0.692362,-0.224382,-0.6857752,-0.02801747,0.003065735,-0.02744644,0.03031058,0.004926819,-0.03251627,0.1937561,0.03831482,0.9802856,0.1317139,0.00994873,0.9912262,0.002373535,0.002165726,True,True
20963280021,63784343690465,0.6013619,0.5139143,0.5222178,0.5052595,-14.77107,2.107932,-0.2530028,-0.0742805,0.8410484,0.0004016474,0.5358358,0,0,0,0,0,0,0,14.77221,-2.103935,0.2230207,-0.6923361,-0.2246408,-0.6857165,-0.02802344,0.003068008,-0.02744952,0.03030847,0.004925339,-0.0325147,0.1919098,0.03765869,0.9806824,0.1309509,0.01065063,0.9913177,0.00236615,0.002166428,True,True
20963288059,63784343690476,0.6014519,0.5158468,0.5222526,0.5050083,-14.77119,2.107936,-0.253186,-0.07432167,0.8416645,0.0004325304,0.5348617,0,0,0,0,0,0,0,14.7723,-2.103944,0.2232165,-0.6923062,-0.224883,-0.6856675,-0.0280681,0.003056717,-0.02742277,0.03030544,0.004926819,-0.03251627,0.1920929,0.04322815,0.980423,0.1310425,0.009918213,0.9913177,0.002356278,0.002165695,True,True
20963296502,63784343690487,0.6007915,0.5155139,0.5222875,0.5047675,-14.77136,2.107962,-0.2533225,-0.07416441,0.8423941,0.0004216777,0.5337339,0,0,0,0,0,0,0,14.77247,-2.103962,0.2233175,-0.6922732,-0.2251582,-0.6856104,-0.02807957,0.003071777,-0.02749219,0.0303024,0.004928314,-0.03251784,0.1904449,0.0422821,0.9807739,0.131134,0.009216309,0.9913177,0.002439636,0.002164596,True,True
20963305036,63784343690487,0.6011109,0.5137541,0.520526,0.5043733,-14.77136,2.107962,-0.2533225,-0.07416441,0.8423941,0.0004216777,0.5337339,0,0,0,0,0,0,0,14.77246,-2.103964,0.2233123,-0.6922745,-0.2251634,-0.6856074,-0.02809328,0.003064331,-0.02749089,0.03029993,0.004931717,-0.03252954,0.1912842,0.03720093,0.9808197,0.1265869,0.008071899,0.9919128,0.002298462,0.002164581,True,True
20963313373,63784343690499,0.5996295,0.5134434,0.518768,0.5044553,-14.77151,2.10795,-0.2534979,-0.0740394,0.8429407,0.0003241315,0.5328875,0,0,0,0,0,0,0,14.77261,-2.103959,0.2234964,-0.6922675,-0.2253663,-0.6855477,-0.02809785,0.003053406,-0.02746178,0.03029745,0.00492865,-0.03254126,0.1875763,0.03633118,0.9815674,0.1220398,0.00831604,0.9924774,0.002330048,0.002162949,True,True
20963321577,63784343690509,0.5980358,0.5130587,0.5183674,0.5047059,-14.77167,2.107945,-0.253686,-0.07380224,0.84359,0.0001346823,0.5318922,0,0,0,0,0,0,0,14.77276,-2.103959,0.2236911,-0.6922659,-0.2255987,-0.685473,-0.02810242,0.00304248,-0.02743266,0.03029578,0.004928482,-0.03255707,0.1835785,0.0352478,0.9823608,0.1210022,0.009048462,0.9925995,0.002329117,0.002163361,True,True
20963329755,63784343690520,0.5983686,0.5138476,0.5179611,0.5049564,-14.7718,2.107916,-0.2538812,-0.07363287,0.8443227,-6.944541E-05,0.5307519,0,0,0,0,0,0,0,14.77289,-2.103936,0.2238936,-0.6922619,-0.2258678,-0.6853884,-0.02810847,0.003031403,-0.02740222,0.03029408,0.00492865,-0.03257289,0.1844025,0.03752136,0.982132,0.1199493,0.009780884,0.9927216,0.002346634,0.002163864,True,True
20963338184,63784343690520,0.5986538,0.5144995,0.5180308,0.5044808,-14.7718,2.107916,-0.2538812,-0.07363287,0.8443227,-6.944541E-05,0.5307519,0,0,0,0,0,0,0,14.77289,-2.103936,0.2238961,-0.6922615,-0.2258675,-0.685389,-0.02811452,0.0030289,-0.02739626,0.03029068,0.004930054,-0.0325739,0.1851044,0.03939819,0.9819183,0.1201324,0.008392334,0.9927216,0.002363663,0.0021698,True,True
20963346737,63784343690531,0.5973454,0.514005,0.5181127,0.5039581,-14.77186,2.107962,-0.2539769,-0.07364472,0.845031,-0.0001475363,0.5296215,0,0,0,0,0,0,0,14.77294,-2.10398,0.2239851,-0.6922439,-0.2261506,-0.6853133,-0.02811646,0.003033737,-0.02740886,0.03028728,0.004931457,-0.03257491,0.1818237,0.03799438,0.9825897,0.1203461,0.006866455,0.9927063,0.00234935,0.002163147,True,True
20963354947,63784343690542,0.5961399,0.5138658,0.5163886,0.5040352,-14.77186,2.107838,-0.2539913,-0.07368537,0.8457133,-2.378365E-05,0.5285259,0,0,0,0,0,0,0,14.77291,-2.103886,0.2241022,-0.6921996,-0.2264269,-0.6852669,-0.02811839,0.003038574,-0.02742146,0.03021668,0.004866882,-0.03235681,0.1787872,0.03761292,0.9831543,0.1158752,0.007095337,0.9932251,0.002362778,0.002226746,True,True
20963363244,63784343690554,0.5960079,0.5140443,0.5113365,0.5051951,-14.77195,2.107843,-0.2541596,-0.07378677,0.8463079,1.312996E-05,0.527559,0,0,0,0,0,0,0,14.77299,-2.103887,0.2242537,-0.6921781,-0.2266679,-0.6852089,-0.02812244,0.003040527,-0.02742706,0.03021016,0.004871094,-0.0323848,0.1784515,0.03813171,0.9832001,0.1027374,0.01049805,0.9946442,0.002379059,0.002144455,True,True
20963371515,63784343690554,0.5958701,0.5142334,0.5115,0.5046527,-14.77195,2.107843,-0.2541596,-0.07378677,0.8463079,1.312996E-05,0.527559,0,0,0,0,0,0,0,14.77299,-2.103891,0.2242595,-0.6921778,-0.2266689,-0.6852087,-0.02812648,0.00304248,-0.02743266,0.03020206,0.004861618,-0.03236758,0.1781006,0.03868103,0.9832458,0.1031647,0.008911133,0.9946136,0.002394257,0.002192795,True,True
20963379916,63784343690565,0.5957615,0.5142381,0.5121777,0.5019295,-14.77202,2.107861,-0.2542625,-0.07373857,0.84682,-4.098943E-05,0.5267435,0,0,0,0,0,0,0,14.77305,-2.103891,0.224278,-0.6921602,-0.2268756,-0.6851581,-0.02812973,0.003046875,-0.02745702,0.03020204,0.004891815,-0.03251186,0.1778259,0.03869629,0.9832916,0.1049347,0.0009460449,0.9944763,0.002394257,0.002211029,True,True
20963388275,63784343690576,0.5956529,0.5142375,0.5083178,0.5046501,-14.77219,2.10789,-0.2544957,-0.07370919,0.847377,-0.0002055774,0.5258509,0,0,0,0,0,0,0,14.77322,-2.103919,0.2245012,-0.6921671,-0.2270838,-0.6850823,-0.02813297,0.003051285,-0.02748135,0.03019652,0.004891968,-0.03250755,0.1775513,0.03869629,0.9833374,0.09486389,0.008911133,0.9954376,0.002393234,0.002250229,True,True
20963396534,63784343690588,0.5951422,0.513865,0.5072544,0.5041178,-14.77232,2.107822,-0.2546601,-0.07367265,0.8479447,-0.000544282,0.52494,0,0,0,0,0,0,0,14.77335,-2.103851,0.2246691,-0.6921952,-0.2273033,-0.684981,-0.02814142,0.003055481,-0.02748613,0.03019403,0.004887649,-0.03249589,0.1762695,0.03762817,0.9836121,0.09208679,0.007354736,0.9957123,0.002393753,0.002235824,True,True
20963404862,63784343690588,0.5946259,0.513519,0.5075754,0.5041857,-14.77232,2.107822,-0.2546601,-0.07367265,0.8479447,-0.000544282,0.52494,0,0,0,0,0,0,0,14.77334,-2.103848,0.2246609,-0.6921954,-0.227304,-0.6849807,-0.02814987,0.003059692,-0.02749089,0.03019154,0.004889297,-0.03250755,0.1749725,0.03663635,0.9838867,0.09292603,0.007553101,0.995636,0.002392563,0.002249344,True,True
20963413392,63784343690598,0.5942214,0.5133956,0.5070381,0.5039144,-14.7724,2.107719,-0.2548354,-0.07359073,0.8485834,-0.001328936,0.5239169,0,0,0,0,0,0,0,14.77341,-2.103745,0.2248365,-0.6922874,-0.2275388,-0.6848096,-0.0281624,0.003061798,-0.02750203,0.03018959,0.004886307,-0.03249589,0.1739502,0.0362854,0.9840698,0.09152222,0.006759644,0.9957733,0.002390915,0.00223523,True,True
20963421451,63784343690610,0.5938181,0.5136303,0.5096157,0.5048285,-14.77251,2.107606,-0.2550241,-0.07362433,0.8491426,-0.002110142,0.523003,0,0,0,0,0,0,0,14.7735,-2.10364,0.2250509,-0.6923813,-0.2277492,-0.6846447,-0.02817494,0.003063904,-0.02751317,0.03015965,0.004868011,-0.03243326,0.1729279,0.03697205,0.9842377,0.09825134,0.009429932,0.9951019,0.002389725,0.002240997,True,True
20963429851,63784343690610,0.5936396,0.5138877,0.5080018,0.5041287,-14.77251,2.107606,-0.2550241,-0.07362433,0.8491426,-0.002110142,0.523003,0,0,0,0,0,0,0,14.77348,-2.103654,0.2251046,-0.6923838,-0.2277498,-0.684642,-0.02818878,0.003063904,-0.02752624,0.03012958,0.004839981,-0.03231287,0.1724701,0.03771973,0.9842834,0.09403992,0.007385254,0.9955292,0.002389648,0.002204804,True,True
20963438118,63784343690621,0.5892982,0.5154103,0.5072538,0.503357,-14.77262,2.10749,-0.2551551,-0.07374763,0.849686,-0.002466868,0.5221005,0,0,0,0,0,0,0,14.77354,-2.103462,0.2249785,-0.6924251,-0.2279684,-0.6845275,-0.02828564,0.003081772,-0.02758977,0.03013492,0.00497432,-0.03276335,0.1614227,0.04220581,0.9859772,0.09208679,0.005126953,0.9957275,0.002410126,0.002190659,True,True
20963446649,63784343690632,0.5897595,0.5145761,0.503656,0.5029442,-14.77266,2.107446,-0.2552501,-0.07392631,0.8500256,-0.002887587,0.52152,0,0,0,0,0,0,0,14.77359,-2.103413,0.2250841,-0.6924835,-0.228115,-0.6844196,-0.02828766,0.003089203,-0.02757602,0.0301452,0.004977417,-0.03275589,0.1626129,0.03977966,0.9858856,0.08267212,0.003921509,0.9965668,0.002423218,0.002186951,True,True
20963454949,63784343690644,0.5960915,0.514694,0.5185493,0.5042617,-14.77271,2.107407,-0.2553731,-0.07433657,0.8502023,-0.00311698,0.5211723,0,0,0,0,0,0,0,14.77375,-2.103476,0.2255831,-0.6924907,-0.2282213,-0.6843769,-0.02816039,0.003028244,-0.02738438,0.03022531,0.004833679,-0.03219572,0.1786499,0.04000854,0.9830933,0.1214752,0.007751465,0.9925537,0.002407913,0.002147324,True,True
20963463146,63784343690644,0.6049485,0.5163934,0.528899,0.5031591,-14.77271,2.107407,-0.2553731,-0.07433657,0.8502023,-0.00311698,0.5211723,0,0,0,0,0,0,0,14.7739,-2.103426,0.2254307,-0.6924625,-0.2282262,-0.6844038,-0.02800264,0.003021026,-0.02735515,0.03038074,0.004941223,-0.0325296,0.2008057,0.04472351,0.9786072,0.1481323,0.004516602,0.9889526,0.002407517,0.002186386,True,True
20963471580,63784343690656,0.6068614,0.5172483,0.5264113,0.5063818,-14.77276,2.107352,-0.2555279,-0.07469124,0.8503576,-0.003414167,0.5208663,0,0,0,0,0,0,0,14.77404,-2.103319,0.2254354,-0.692513,-0.2283031,-0.6843269,-0.02791153,0.002968475,-0.02716213,0.03045726,0.005096863,-0.03302279,0.2055359,0.0471344,0.9775085,0.1417389,0.01390076,0.9897919,0.002430069,0.0021716,True,True
20963479903,63784343690666,0.6099237,0.5180953,0.529546,0.5096114,-14.77284,2.107219,-0.2556722,-0.07494465,0.8506086,-0.003956023,0.5204158,0,0,0,0,0,0,0,14.77415,-2.103165,0.2255222,-0.6925845,-0.2284075,-0.6842199,-0.02786705,0.003008026,-0.02727571,0.03048309,0.005099945,-0.03302434,0.213089,0.04948425,0.975769,0.1497498,0.02326965,0.9884491,0.002351288,0.002184006,True,True
20963488195,63784343690677,0.6083057,0.5164691,0.5259421,0.5067898,-14.77292,2.1071,-0.2557936,-0.07495838,0.8509882,-0.004349928,0.5197898,0,0,0,0,0,0,0,14.77421,-2.103072,0.2257104,-0.6926345,-0.2285646,-0.6841168,-0.02788068,0.002971649,-0.02717967,0.03047116,0.00508342,-0.03298676,0.209137,0.04486084,0.9768524,0.1405334,0.01509094,0.9899597,0.002376145,0.002166931,True,True
20963496536,63784343690677,0.6107777,0.516533,0.5267324,0.5065921,-14.77292,2.1071,-0.2557936,-0.07495838,0.8509882,-0.004349928,0.5197898,0,0,0,0,0,0,0,14.7742,-2.103089,0.2257594,-0.6926296,-0.228566,-0.6841213,-0.02788817,0.002968735,-0.02717473,0.03045668,0.005053238,-0.03289374,0.2152405,0.04498291,0.9755096,0.1425629,0.01451111,0.9896698,0.002385788,0.002150925,True,True
20963504851,63784343690689,0.6096665,0.5167626,0.5286942,0.5054728,-14.77305,2.107016,-0.2559394,-0.0749317,0.8513817,-0.004686266,0.519146,0,0,0,0,0,0,0,14.77433,-2.103005,0.2259044,-0.6926612,-0.2287188,-0.6840382,-0.02789566,0.002968658,-0.02717847,0.03045012,0.005053924,-0.03289151,0.2124939,0.04566956,0.9760895,0.1475983,0.01124573,0.9889679,0.002395477,0.00220488,True,True
20963513000,63784343690689,0.6095709,0.5170702,0.5275298,0.5067509,-14.77305,2.107016,-0.2559394,-0.0749317,0.8513817,-0.004686266,0.519146,0,0,0,0,0,0,0,14.77432,-2.103004,0.2259067,-0.6926638,-0.2287142,-0.6840371,-0.027903,0.002968719,-0.02717691,0.03044498,0.005054993,-0.03288846,0.2122498,0.04655457,0.9761047,0.1446075,0.01496887,0.9893646,0.002414261,0.002170532,True,True
20963521435,63784343690711,0.6093214,0.5173447,0.5263488,0.5051863,-14.77317,2.106904,-0.2560441,-0.07506716,0.8517112,-0.004871232,0.518584,0,0,0,0,0,0,0,14.77444,-2.102893,0.2260122,-0.6926823,-0.2288587,-0.6839699,-0.02791034,0.002968765,-0.02717847,0.03043984,0.005053924,-0.03288541,0.2116241,0.04734802,0.9761963,0.1415863,0.01042175,0.9898682,0.002396255,0.002177719,True,True
20963529872,63784343690720,0.6092801,0.5174667,0.5264387,0.5055743,-14.77324,2.106869,-0.2561825,-0.07496825,0.8519489,-0.00467743,0.5182094,0,0,0,0,0,0,0,14.7745,-2.102858,0.2261575,-0.6926389,-0.2289484,-0.6839838,-0.02791483,0.002970215,-0.02717906,0.03043385,0.005052337,-0.03287083,0.2115173,0.04769897,0.9761963,0.1418152,0.0115509,0.9898224,0.00238678,0.002157684,True,True
20963538095,63784343690725,0.6092324,0.5170993,0.5272108,0.5048885,-14.77323,2.106865,-0.2563615,-0.07501353,0.8521106,-0.004552207,0.5179381,0,0,0,0,0,0,0,14.77448,-2.102854,0.2263436,-0.6926118,-0.2290231,-0.6839864,-0.02791931,0.002971649,-0.02717967,0.03042787,0.005050751,-0.03285626,0.2114105,0.04664612,0.9762726,0.1437988,0.009552002,0.9895477,0.002377289,0.002178162,True,True
20963546772,63784343690732,0.6091422,0.5167528,0.5271342,0.5052817,-14.7732,2.10689,-0.2564049,-0.07509182,0.8523096,-0.004520563,0.5175994,0,0,0,0,0,0,0,14.77445,-2.102877,0.226382,-0.6926,-0.229111,-0.6839689,-0.02792543,0.002977325,-0.02719658,0.03042445,0.00504834,-0.03284921,0.2111969,0.0456543,0.9763641,0.1436005,0.01069641,0.989563,0.002386078,0.002180282,True,True
20963554854,63784343690744,0.6090335,0.5169858,0.5270677,0.5048988,-14.77326,2.106856,-0.2565356,-0.07519463,0.8525704,-0.004682573,0.5171533,0,0,0,0,0,0,0,14.7745,-2.102841,0.2265078,-0.6926159,-0.229223,-0.6839153,-0.02793155,0.002983002,-0.02721347,0.03042102,0.005045944,-0.03284216,0.2109222,0.04632568,0.9763947,0.1434326,0.00958252,0.9896088,0.00239006,0.002181183,True,True
20963563181,63784343690744,0.6087887,0.5171167,0.5269669,0.505056,-14.77326,2.106856,-0.2565356,-0.07519463,0.8525704,-0.004682573,0.5171533,0,0,0,0,0,0,0,14.7745,-2.102843,0.2265073,-0.6926165,-0.2292221,-0.6839149,-0.02793719,0.002989792,-0.0272426,0.03041847,0.005036362,-0.03281409,0.2103119,0.04670715,0.9765015,0.1431732,0.01004028,0.9896393,0.002392166,0.002187546,True,True
20963571754,63784343690755,0.6085486,0.5171783,0.5268837,0.5051975,-14.77331,2.106797,-0.256682,-0.07511824,0.8528727,-0.004953231,0.5166632,0,0,0,0,0,0,0,14.77455,-2.102786,0.2266531,-0.692643,-0.2293321,-0.6838512,-0.02794285,0.002996597,-0.02727171,0.03041591,0.005026795,-0.03278601,0.2097168,0.04689026,0.9766235,0.1429596,0.01045227,0.9896698,0.002394425,0.002182327,True,True
20963579862,63784343690766,0.6094217,0.5169041,0.5270693,0.5059529,-14.77335,2.106754,-0.2567784,-0.07502409,0.8531718,-0.005441153,0.516178,0,0,0,0,0,0,0,14.77458,-2.102758,0.2267896,-0.6927008,-0.2294349,-0.6837581,-0.0279451,0.002997208,-0.02727222,0.03041133,0.004994705,-0.03270529,0.2118835,0.04608154,0.9761963,0.1434326,0.01264954,0.9895782,0.002400024,0.002189926,True,True
20963588208,63784343690777,0.6089674,0.5171553,0.5272557,0.5067137,-14.77337,2.106663,-0.2568481,-0.07494674,0.8535187,-0.0056919,0.5156127,0,0,0,0,0,0,0,14.7746,-2.102681,0.2268954,-0.6927222,-0.2295613,-0.683694,-0.02794736,0.002997803,-0.02727273,0.03040675,0.004964645,-0.03263273,0.2107544,0.04681396,0.9764099,0.1439056,0.01486206,0.9894714,0.002405731,0.002197922,True,True
20963596657,63784343690777,0.6088575,0.5172182,0.5272083,0.5066717,-14.77337,2.106663,-0.2568481,-0.07494674,0.8535187,-0.0056919,0.5156127,0,0,0,0,0,0,0,14.7746,-2.10268,0.2268917,-0.6927224,-0.2295612,-0.6836938,-0.02794847,0.002998413,-0.02727609,0.03040534,0.004966644,-0.03263677,0.2104797,0.04699707,0.9764557,0.1437836,0.01473999,0.9894867,0.002411224,0.002202347,True,True
20963604863,63784343690788,0.6087462,0.5172384,0.5271542,0.5065981,-14.77349,2.106624,-0.2569456,-0.07482622,0.8537398,-0.005727456,0.5152637,0,0,0,0,0,0,0,14.77471,-2.102641,0.2269895,-0.6927148,-0.2296398,-0.6836753,-0.02794958,0.002999024,-0.02727946,0.03040392,0.004966858,-0.03263273,0.2102051,0.04705811,0.9765167,0.1436462,0.01452637,0.9895172,0.00241655,0.002207108,True,True
20963613101,63784343690799,0.6072568,0.5168639,0.5263995,0.5065863,-14.77353,2.106569,-0.2570446,-0.07482171,0.8538893,-0.005857524,0.5150151,0,0,0,0,0,0,0,14.77475,-2.102583,0.2270845,-0.6927309,-0.2296979,-0.6836393,-0.02795149,0.003004684,-0.02728328,0.03040388,0.004967758,-0.03263677,0.2065277,0.04602051,0.977356,0.1417084,0.01449585,0.9897919,0.002416168,0.002207794,True,True
20963621518,63784343690811,0.6073551,0.5173166,0.5256394,0.5065744,-14.77353,2.106522,-0.2570736,-0.07471813,0.8541129,-0.005966926,0.5146579,0,0,0,0,0,0,0,14.77476,-2.102535,0.2271054,-0.6927358,-0.2297763,-0.683608,-0.02795361,0.0030047,-0.02729561,0.03040385,0.004968659,-0.03264078,0.2067566,0.0473175,0.9772339,0.1397552,0.01446533,0.9900665,0.002416168,0.002206741,True,True
20963630022,63784343690811,0.60559,0.517779,0.5256144,0.5062441,-14.77353,2.106522,-0.2570736,-0.07471813,0.8541129,-0.005966926,0.5146579,0,0,0,0,0,0,0,14.77475,-2.102534,0.227088,-0.6927385,-0.2297753,-0.6836057,-0.02795779,0.003006653,-0.0273305,0.03040257,0.004968659,-0.03264078,0.2023621,0.0486908,0.9780884,0.1396942,0.01350403,0.990097,0.002405808,0.002206375,True,True
20963638392,63784343690822,0.6056538,0.5180079,0.525193,0.5062119,-14.77361,2.106463,-0.2571573,-0.07461078,0.8541946,-0.006061474,0.5145367,0,0,0,0,0,0,0,14.77483,-2.102471,0.2271493,-0.6927471,-0.2297967,-0.6835898,-0.0279601,0.00301619,-0.02737511,0.03040216,0.004968659,-0.03264078,0.2025146,0.04934692,0.9780273,0.1386108,0.01341248,0.9902496,0.002405121,0.002206253,True,True
20963646494,63784343690833,0.6051422,0.5178386,0.5248722,0.5061066,-14.77366,2.106449,-0.2572136,-0.07443897,0.8543099,-0.00606392,0.5143703,0,0,0,0,0,0,0,14.77487,-2.102451,0.2271892,-0.6927386,-0.2298289,-0.6835875,-0.02796628,0.00302771,-0.02740797,0.03040085,0.004968659,-0.03264078,0.2012482,0.0488739,0.9783173,0.1377869,0.0131073,0.9903717,0.002414688,0.002211136,True,True
20963654863,63784343690845,0.6053319,0.5177819,0.5218806,0.5058506,-14.77365,2.106431,-0.2572387,-0.07446878,0.8544317,-0.006030726,0.5141639,0,0,0,0,0,0,0,14.77487,-2.102432,0.2272154,-0.6927326,-0.2298816,-0.6835758,-0.02797301,0.003030044,-0.02741289,0.03039679,0.004966858,-0.03263359,0.2017212,0.04870605,0.9782257,0.1300812,0.01237488,0.9914246,0.002420807,0.002210083,True,True
20963663149,63784343690845,0.6053814,0.5177878,0.5217155,0.5059917,-14.77365,2.106431,-0.2572387,-0.07446878,0.8544317,-0.006030726,0.5141639,0,0,0,0,0,0,0,14.77486,-2.102434,0.2272159,-0.6927329,-0.2298812,-0.6835758,-0.02798102,0.003030044,-0.02741289,0.03039456,0.004964645,-0.03263273,0.2018433,0.04872131,0.9781952,0.1296539,0.01278687,0.9914703,0.002420761,0.002211151,True,True
20963671672,63784343690856,0.6049147,0.5177941,0.521709,0.5057875,-14.77371,2.106448,-0.2572927,-0.07441219,0.8545322,-0.005907804,0.5140065,0,0,0,0,0,0,0,14.77491,-2.10245,0.2272698,-0.6927083,-0.2299198,-0.6835877,-0.02799004,0.003030044,-0.02741289,0.03039201,0.004964645,-0.03263273,0.2006836,0.04875183,0.9784393,0.1296387,0.01219177,0.9914856,0.002421646,0.002212601,True,True
20963679763,63784343690867,0.6052223,0.5178235,0.5213839,0.5056772,-14.77373,2.106462,-0.2573396,-0.07448336,0.8545465,-0.005825803,0.5139734,0,0,0,0,0,0,0,14.77493,-2.102464,0.2273168,-0.6926968,-0.2299336,-0.6835947,-0.02799507,0.003030044,-0.02741289,0.03039015,0.004964645,-0.03263273,0.2014465,0.04882813,0.9782715,0.1287994,0.01187134,0.9915924,0.002422913,0.002214676,True,True
20963688154,63784343690878,0.6050692,0.5178169,0.5214901,0.5056825,-14.77376,2.106463,-0.2574045,-0.07463849,0.8545605,-0.005642356,0.5139297,0,0,0,0,0,0,0,14.77495,-2.102466,0.2273817,-0.6926719,-0.2299564,-0.6836122,-0.02800149,0.003030044,-0.02741289,0.03038525,0.004964645,-0.03263273,0.2010651,0.04881287,0.9783478,0.1290741,0.0118866,0.9915619,0.002422653,0.002214722,True,True
20963696550,63784343690878,0.605253,0.5178291,0.5215432,0.5054785,-14.77376,2.106463,-0.2574045,-0.07463849,0.8545605,-0.005642356,0.5139297,0,0,0,0,0,0,0,14.77495,-2.102466,0.2273817,-0.6926715,-0.229957,-0.6836125,-0.02800545,0.003030044,-0.02741289,0.03038332,0.004964645,-0.03263273,0.2015228,0.04884338,0.9782562,0.1292114,0.0112915,0.9915466,0.002423477,0.002216019,True,True
20963704972,63784343690889,0.6050998,0.5178171,0.5208868,0.5052683,-14.77378,2.106454,-0.2574377,-0.0746305,0.8546237,-0.005504748,0.5138271,0,0,0,0,0,0,0,14.77497,-2.102457,0.2274149,-0.6926481,-0.229985,-0.6836267,-0.02800725,0.003030044,-0.02741289,0.0303799,0.004964645,-0.03263273,0.2011414,0.04881287,0.9783325,0.1275177,0.01068115,0.9917755,0.002425384,0.002215744,True,True
20963713286,63784343690900,0.6049089,0.51781,0.5213251,0.5056823,-14.77386,2.106358,-0.2575441,-0.07476106,0.8545628,-0.005516383,0.5139093,0,0,0,0,0,0,0,14.77504,-2.102363,0.2275214,-0.6926561,-0.2299705,-0.6836236,-0.02801054,0.003030044,-0.02741289,0.03037405,0.004958893,-0.03263252,0.2006683,0.04879761,0.9784393,0.1286469,0.0118866,0.9916077,0.002425644,0.002215713,True,True
20963721675,63784343690912,0.6068757,0.5194383,0.5213658,0.5052847,-14.77389,2.106355,-0.2575793,-0.07486503,0.8545992,-0.005518476,0.5138337,0,0,0,0,0,0,0,14.77506,-2.102409,0.2276886,-0.692655,-0.2299918,-0.6836174,-0.0280336,0.002936493,-0.02715208,0.03037225,0.004955398,-0.03262936,0.2055054,0.05342102,0.9771881,0.1287537,0.01072693,0.9916077,0.002429428,0.002216034,True,True
20963729857,63784343690912,0.606988,0.5195405,0.5214072,0.5051853,-14.77389,2.106355,-0.2575793,-0.07486503,0.8545992,-0.005518476,0.5138337,0,0,0,0,0,0,0,14.77505,-2.10241,0.2276918,-0.6926548,-0.2299919,-0.6836176,-0.02803545,0.00293512,-0.02715208,0.03037096,0.004955322,-0.03262291,0.20578,0.05371094,0.9771118,0.1288605,0.01043701,0.9915924,0.002428375,0.002226975,True,True
20963738297,63784343690922,0.6068841,0.519582,0.5211993,0.5047612,-14.77383,2.1064,-0.257576,-0.07501756,0.8545399,-0.005444753,0.5139108,0,0,0,0,0,0,0,14.775,-2.102455,0.2276885,-0.6926505,-0.2299835,-0.6836247,-0.02803951,0.00293454,-0.02715208,0.03037016,0.004955322,-0.03262291,0.2055206,0.05383301,0.9771576,0.1283264,0.00920105,0.991684,0.002428452,0.002215698,True,True
20963746517,63784343690933,0.6070552,0.5195464,0.5211048,0.504625,-14.7739,2.10638,-0.2575859,-0.07518498,0.8545227,-0.005445629,0.5139149,0,0,0,0,0,0,0,14.77506,-2.102435,0.2276984,-0.6926557,-0.2299918,-0.6836167,-0.02804243,0.002933899,-0.02715208,0.03037016,0.004955322,-0.03262291,0.2059479,0.0537262,0.9770813,0.1280823,0.008804321,0.9917145,0.002428482,0.002229095,True,True
20963754754,63784343690944,0.6073409,0.5191984,0.5213302,0.5053003,-14.77393,2.106392,-0.2576427,-0.07534115,0.8546573,-0.005384538,0.5136689,0,0,0,0,0,0,0,14.77509,-2.102453,0.2277607,-0.6926435,-0.2300609,-0.6836059,-0.02804674,0.002933899,-0.02715208,0.03036728,0.004942826,-0.03261198,0.206665,0.05271912,0.9769745,0.1286621,0.01077271,0.9916229,0.002435638,0.00223027,True,True
20963763201,63784343690944,0.607439,0.519178,0.5211114,0.5051587,-14.77393,2.106392,-0.2576427,-0.07534115,0.8546573,-0.005384538,0.5136689,0,0,0,0,0,0,0,14.77509,-2.102453,0.2277607,-0.6926436,-0.2300613,-0.6836056,-0.02804791,0.002933899,-0.02715208,0.03036728,0.004942826,-0.03261198,0.2069092,0.05265808,0.9769287,0.1280975,0.01036072,0.9916992,0.002435272,0.00222998,True,True
20963771506,63784343690956,0.6071979,0.5191118,0.5211586,0.5049286,-14.77397,2.1064,-0.2576695,-0.0755961,0.8546512,-0.005291622,0.5136425,0,0,0,0,0,0,0,14.77513,-2.102463,0.2277987,-0.6926364,-0.2300839,-0.6836053,-0.02804794,0.002933899,-0.02715208,0.03036642,0.004939896,-0.03258969,0.2063141,0.05247498,0.977066,0.1282196,0.009689331,0.991684,0.00243512,0.0022323,True,True
20963779779,63784343690967,0.6067892,0.5189482,0.5212952,0.5053997,-14.77395,2.106407,-0.2577769,-0.07567931,0.8547562,-0.005196328,0.5134566,0,0,0,0,0,0,0,14.77511,-2.102475,0.2279065,-0.6926196,-0.2301349,-0.6836053,-0.02804845,0.002933899,-0.02715208,0.03036287,0.004930145,-0.03258882,0.205307,0.05201721,0.9773102,0.1285706,0.01106262,0.9916229,0.002426163,0.002232788,True,True
20963788272,63784343690978,0.6058394,0.5191252,0.5214909,0.5057977,-14.77396,2.106389,-0.2578365,-0.07580933,0.8548314,-0.005022801,0.5133138,0,0,0,0,0,0,0,14.77512,-2.102461,0.2279593,-0.6925939,-0.2301787,-0.6836163,-0.0280489,0.002933899,-0.02716696,0.03036035,0.004921264,-0.03258743,0.2029419,0.05255127,0.9777679,0.1290741,0.01222229,0.9915466,0.002425995,0.002246124,True,True
20963796538,63784343690978,0.6053948,0.5189084,0.5212182,0.5055304,-14.77396,2.106389,-0.2578365,-0.07580933,0.8548314,-0.005022801,0.5133138,0,0,0,0,0,0,0,14.77512,-2.102461,0.2279593,-0.6925948,-0.2301797,-0.6836151,-0.0280493,0.00293454,-0.02716995,0.03036028,0.004920029,-0.03258438,0.2018433,0.05194092,0.9780273,0.1283722,0.01144409,0.9916534,0.002425552,0.002247177,True,True
20963805022,63784343690989,0.6053463,0.5184247,0.5212123,0.505342,-14.77384,2.10638,-0.2579597,-0.07603236,0.8548619,-0.005008017,0.5132301,0,0,0,0,0,0,0,14.77499,-2.102453,0.2280844,-0.6925969,-0.2302141,-0.6836016,-0.02804935,0.00293454,-0.02717099,0.03036028,0.004919418,-0.0325796,0.2017365,0.05055237,0.9781189,0.1283569,0.01089478,0.9916534,0.002425125,0.002247345,True,True
20963813209,63784343691000,0.6051046,0.5182419,0.520987,0.5047714,-14.77383,2.106361,-0.2580155,-0.07618345,0.8549541,-0.004953885,0.5130548,0,0,0,0,0,0,0,14.77498,-2.102435,0.2281429,-0.6925886,-0.230268,-0.6835918,-0.02804941,0.00293454,-0.02717108,0.03035989,0.004918289,-0.03257411,0.2011414,0.05003357,0.9782715,0.1277771,0.009231567,0.991745,0.002424957,0.002246796,True,True
20963829605,63784343691000,0.605015,0.51848,0.5202429,0.5048125,-14.77383,2.106361,-0.2580155,-0.07618345,0.8549541,-0.004953885,0.5130548,0,0,0,0,0,0,0,14.77498,-2.102436,0.2281365,-0.6925899,-0.230267,-0.6835907,-0.02804996,0.00293454,-0.02718614,0.03035983,0.004916702,-0.03257182,0.2009125,0.05072021,0.9782867,0.1258545,0.009353638,0.9919891,0.002411789,0.002245056,True,True
20963829916,63784343691000,0.6048939,0.519079,0.5202306,0.5047548,-14.77383,2.106361,-0.2580155,-0.07618345,0.8549541,-0.004953885,0.5130548,0,0,0,0,0,0,0,14.77498,-2.102436,0.2281218,-0.6925904,-0.2302655,-0.6835908,-0.02805092,0.002933899,-0.02721323,0.0303589,0.004916153,-0.03257411,0.200592,0.05244446,0.9782562,0.125824,0.009185791,0.9920044,0.002411835,0.002245087,True,True
20963838287,63784343691027,0.6043519,0.5183731,0.5203258,0.5052938,-14.77396,2.106249,-0.258024,-0.07613044,0.8551536,-0.00530887,0.5127262,0,0,0,0,0,0,0,14.77512,-2.102327,0.2281271,-0.6926351,-0.2303356,-0.6835219,-0.02805129,0.002933899,-0.02721959,0.0303564,0.004908478,-0.03257411,0.1992645,0.0504303,0.9786377,0.1260681,0.01075745,0.9919586,0.002410965,0.002245651,True,True
20963846496,63784343691034,0.6037338,0.5178847,0.5199124,0.5048801,-14.77401,2.10619,-0.2580813,-0.07612085,0.855176,-0.005597176,0.5126873,0,0,0,0,0,0,0,14.77516,-2.102271,0.2281844,-0.6926795,-0.2303404,-0.6834752,-0.02805322,0.002933899,-0.02721959,0.03035539,0.004905685,-0.03257411,0.1977386,0.04904175,0.9790192,0.125,0.009552002,0.9920959,0.002414108,0.002238083,True,True
20963854825,63784343691034,0.6039586,0.5176851,0.5199597,0.5049691,-14.77401,2.10619,-0.2580813,-0.07612085,0.855176,-0.005597176,0.5126873,0,0,0,0,0,0,0,14.77515,-2.102272,0.2281856,-0.6926791,-0.2303408,-0.6834756,-0.02805676,0.002933838,-0.02721959,0.03035303,0.004903031,-0.03257182,0.1983032,0.04846191,0.9789276,0.1251221,0.009811401,0.9920807,0.002430511,0.00223082,True,True
20963863235,63784343691055,0.6042636,0.5181494,0.5199844,0.5059211,-14.77401,2.106122,-0.2580852,-0.07619737,0.8552681,-0.00568459,0.5125214,0,0,0,0,0,0,0,14.77515,-2.102215,0.2281897,-0.6926904,-0.2303798,-0.6834509,-0.02806021,0.002926895,-0.02721959,0.0303477,0.004888153,-0.03257135,0.1990509,0.04978943,0.978714,0.1251831,0.0125885,0.9920502,0.002433014,0.002238983,True,True
20963871645,63784343691060,0.6042483,0.5184252,0.520256,0.5057436,-14.77404,2.106097,-0.2580456,-0.07620995,0.8553205,-0.005783614,0.512431,0,0,0,0,0,0,0,14.77518,-2.102193,0.2281501,-0.6927033,-0.2304002,-0.683431,-0.02806305,0.002920471,-0.02721959,0.03034439,0.00488797,-0.03257129,0.1990051,0.05058289,0.9786835,0.125885,0.0120697,0.9919586,0.002433151,0.002238693,True,True
20963879809,63784343691068,0.6039222,0.5182737,0.5201136,0.5055028,-14.77404,2.106104,-0.2580759,-0.07620101,0.8553074,-0.005964131,0.512452,0,0,0,0,0,0,0,14.77518,-2.102202,0.2281874,-0.6927321,-0.2303915,-0.6834047,-0.02806505,0.002917694,-0.02721959,0.03034277,0.004886154,-0.0325573,0.1981964,0.05015564,0.9788666,0.1255188,0.0113678,0.9920197,0.002431015,0.002230972,True,True
20963888214,63784343691079,0.60422,0.5180906,0.5190201,0.5041157,-14.77402,2.106073,-0.2580872,-0.07622281,0.8553432,-0.005988216,0.5123888,0,0,0,0,0,0,0,14.77516,-2.102177,0.2282034,-0.6927352,-0.2304115,-0.6833947,-0.02806982,0.002912262,-0.02721959,0.03034175,0.004880051,-0.0325481,0.1989441,0.04962158,0.9787445,0.1226959,0.007324219,0.9924164,0.002431107,0.002237625,True,True
20963896582,63784343691079,0.6044462,0.5186074,0.5184432,0.5045178,-14.77402,2.106073,-0.2580872,-0.07622281,0.8553432,-0.005988216,0.5123888,0,0,0,0,0,0,0,14.77515,-2.102188,0.2282084,-0.6927362,-0.230409,-0.6833947,-0.02807399,0.00290387,-0.02721959,0.03033649,0.004866959,-0.03253806,0.1994934,0.05110168,0.9785614,0.1212006,0.008499146,0.9925842,0.002431656,0.002237747,True,True
20963905016,63784343691090,0.6051979,0.5188482,0.5188271,0.5048423,-14.77395,2.106017,-0.2581066,-0.07624245,0.8553901,-0.006138691,0.5123057,0,0,0,0,0,0,0,14.77507,-2.102152,0.2282743,-0.6927562,-0.2304258,-0.6833686,-0.02808145,0.002875519,-0.02714764,0.03033029,0.004854157,-0.03251701,0.201355,0.05177307,0.9781342,0.1221924,0.00944519,0.9924469,0.002433167,0.00224942,True,True
20963913189,63784343691102,0.6056103,0.5184272,0.5190862,0.5048478,-14.77397,2.106022,-0.2581124,-0.07626326,0.8553215,-0.006457562,0.5124134,0,0,0,0,0,0,0,14.77509,-2.10217,0.2283103,-0.6928082,-0.2303949,-0.6833265,-0.02808893,0.002854462,-0.02709129,0.03032501,0.004850678,-0.03251293,0.2023926,0.05055237,0.9779816,0.1228638,0.009460449,0.9923706,0.002436707,0.002249451,True,True
20963921633,63784343691113,0.6056834,0.5183854,0.51941,0.5040481,-14.77398,2.106008,-0.2581187,-0.07630272,0.8553561,-0.006444317,0.5123498,0,0,0,0,0,0,0,14.77509,-2.102163,0.228333,-0.6928047,-0.2304152,-0.6833232,-0.02809273,0.002848038,-0.02707371,0.03031895,0.004843033,-0.03249767,0.2025757,0.0504303,0.977951,0.123703,0.007125854,0.9922791,0.00243689,0.002249436,True,True
20963929813,63784343691113,0.6057447,0.518423,0.5194985,0.5041736,-14.77398,2.106008,-0.2581187,-0.07630272,0.8553561,-0.006444317,0.5123498,0,0,0,0,0,0,0,14.77509,-2.102171,0.2283548,-0.6928045,-0.2304148,-0.6833235,-0.02809782,0.002839584,-0.02705374,0.03031145,0.004833512,-0.03247399,0.2027283,0.05053711,0.9779205,0.1239319,0.007492065,0.9922485,0.00243483,0.002257095,True,True
20963938100,63784343691124,0.6049621,0.5186865,0.5199125,0.504922,-14.77407,2.105927,-0.2581458,-0.07637329,0.8553432,-0.006424247,0.512361,0,0,0,0,0,0,0,14.77517,-2.102105,0.2284048,-0.6928048,-0.2304133,-0.6833236,-0.02810411,0.002822296,-0.0270103,0.0303036,0.004821426,-0.0324716,0.2007751,0.05131531,0.9782867,0.125,0.009674072,0.9920959,0.002435822,0.002282776,True,True
20963946462,63784343691135,0.6050577,0.5189689,0.5199292,0.5046343,-14.77407,2.105914,-0.2581514,-0.07637129,0.855307,-0.006534751,0.5124203,0,0,0,0,0,0,0,14.77516,-2.102104,0.2284285,-0.6928234,-0.2303963,-0.6833106,-0.02810712,0.002807724,-0.02697948,0.03029828,0.004811722,-0.03246636,0.201004,0.05212402,0.9781952,0.1250458,0.008834839,0.9921112,0.002439118,0.002282593,True,True
20963954891,63784343691146,0.6051451,0.5195648,0.519842,0.5050997,-14.77407,2.105883,-0.2581535,-0.07629416,0.8553005,-0.006516755,0.5124429,0,0,0,0,0,0,0,14.77516,-2.102084,0.2284331,-0.6928193,-0.2303843,-0.6833188,-0.02811011,0.00279277,-0.02697439,0.03029388,0.004803787,-0.03246636,0.2012024,0.05383301,0.9780579,0.1248169,0.01019287,0.9921112,0.002439926,0.002283554,True,True
20963963199,63784343691146,0.6048326,0.5191261,0.520089,0.5049639,-14.77407,2.105883,-0.2581535,-0.07629416,0.8553005,-0.006516755,0.5124429,0,0,0,0,0,0,0,14.77516,-2.102087,0.2284331,-0.6928191,-0.2303858,-0.6833184,-0.02811279,0.002790146,-0.02697439,0.03029092,0.004801956,-0.03246636,0.2004395,0.05258179,0.9782867,0.1254578,0.009796143,0.9920502,0.002442169,0.002283585,True,True
20963971687,63784343691157,0.6049976,0.5190375,0.5196169,0.5049425,-14.77413,2.105867,-0.2580649,-0.07630461,0.8552669,-0.00653828,0.5124972,0,0,0,0,0,0,0,14.77521,-2.102075,0.2283445,-0.6928247,-0.2303728,-0.6833171,-0.02811482,0.0027836,-0.02697439,0.03029005,0.004799225,-0.03246636,0.2008514,0.05232239,0.9782104,0.1242371,0.009735107,0.9922028,0.002442093,0.0022836,True,True
20963979826,63784343691168,0.6052263,0.5192413,0.5197287,0.5047125,-14.77412,2.105857,-0.2580782,-0.07627831,0.855258,-0.006658006,0.5125145,0,0,0,0,0,0,0,14.7752,-2.102068,0.2283578,-0.6928424,-0.2303647,-0.6833019,-0.02811758,0.002780868,-0.02697439,0.03028657,0.004797043,-0.03246636,0.201416,0.05290222,0.9780731,0.124527,0.009063721,0.9921722,0.00243956,0.002283356,True,True
20963988114,63784343691168,0.6053052,0.5190936,0.5193635,0.5046808,-14.77412,2.105857,-0.2580782,-0.07627831,0.855258,-0.006658006,0.5125145,0,0,0,0,0,0,0,14.7752,-2.102068,0.2283578,-0.6928427,-0.2303651,-0.6833014,-0.02811874,0.002780868,-0.02697439,0.03028625,0.004797043,-0.03246636,0.2016144,0.05247498,0.9780426,0.1235809,0.008972168,0.9922791,0.002434753,0.002282394,True,True
20963996519,63784343691179,0.6048983,0.517895,0.5194042,0.5045762,-14.77414,2.105847,-0.2581115,-0.0764019,0.8552257,-0.006579724,0.512551,0,0,0,0,0,0,0,14.77522,-2.102058,0.2283911,-0.6928355,-0.2303677,-0.6833079,-0.02811874,0.002780868,-0.02697439,0.03028558,0.004797043,-0.03246636,0.2006378,0.04904175,0.9784241,0.1236877,0.008666992,0.9922791,0.002438355,0.002282226,True,True
20964004790,63784343691190,0.6053012,0.5177658,0.5191922,0.5046806,-14.77412,2.105823,-0.2581034,-0.07648433,0.8552979,-0.006573239,0.5124182,0,0,0,0,0,0,0,14.7752,-2.102034,0.2283804,-0.6928329,-0.2304048,-0.6832979,-0.02811874,0.002780868,-0.02697439,0.03028558,0.004797043,-0.0324716,0.2016449,0.04866028,0.978241,0.1231384,0.008972168,0.9923401,0.002438171,0.002282288,True,True
20964013234,63784343691201,0.6048911,0.5173162,0.5191972,0.5038335,-14.77413,2.105815,-0.2581609,-0.07645203,0.855266,-0.006672952,0.512475,0,0,0,0,0,0,0,14.77521,-2.102026,0.2284373,-0.6928491,-0.2303904,-0.6832865,-0.02811874,0.002780868,-0.02697439,0.03028558,0.004797043,-0.03247284,0.2006378,0.04737854,0.9785156,0.1231537,0.006500244,0.9923553,0.00243782,0.00228157,True,True
20964021412,63784343691201,0.6048594,0.5177512,0.5191385,0.5040374,-14.77413,2.105815,-0.2581609,-0.07645203,0.855266,-0.006672952,0.512475,0,0,0,0,0,0,0,14.77521,-2.102025,0.2284138,-0.6928495,-0.2303886,-0.6832867,-0.02811874,0.002780868,-0.02699541,0.03028558,0.004799225,-0.03249888,0.2005463,0.04862976,0.9784698,0.1230011,0.007095337,0.9923706,0.002440475,0.00228125,True,True
20964029924,63784343691213,0.6046592,0.5178875,0.5190848,0.5033576,-14.77415,2.105791,-0.2581968,-0.07646345,0.8553362,-0.006651796,0.5123563,0,0,0,0,0,0,0,14.77523,-2.102,0.2284458,-0.6928433,-0.2304201,-0.6832822,-0.02811874,0.002780868,-0.02700211,0.03028558,0.004800614,-0.03249997,0.2000427,0.04902649,0.9785461,0.1228638,0.005111694,0.9924011,0.002442749,0.002273544,True,True
20964038350,63784343691224,0.6046133,0.5182214,0.5188779,0.5030699,-14.77404,2.105795,-0.258277,-0.07635995,0.8553638,-0.006814029,0.5123237,0,0,0,0,0,0,0,14.77513,-2.102004,0.2285142,-0.6928648,-0.2304188,-0.683261,-0.02811874,0.002780868,-0.02702483,0.03028558,0.004800614,-0.03250078,0.1999207,0.04998779,0.9785309,0.1223297,0.004272461,0.9924774,0.002444992,0.002273224,True,True
20964046489,63784343691236,0.6045274,0.5181306,0.5186544,0.5033156,-14.77404,2.105799,-0.2583095,-0.07644396,0.8554492,-0.006889365,0.5121675,0,0,0,0,0,0,0,14.77512,-2.102006,0.2285352,-0.6928753,-0.2304592,-0.6832368,-0.02811874,0.002783127,-0.02703058,0.03028558,0.004802276,-0.03251799,0.199707,0.04972839,0.9785767,0.1217499,0.004989624,0.9925385,0.002445053,0.002290466,True,True
20964054753,63784343691236,0.6041635,0.5179733,0.5186014,0.5034515,-14.77403,2.105782,-0.2583524,-0.07653763,0.8555048,-0.00683975,0.5120614,0,0,0,0,0,0,0,14.77512,-2.102002,0.2285164,-0.6928758,-0.2304591,-0.6832362,-0.02811678,0.002793015,-0.02706197,0.03028625,0.004802276,-0.03252425,0.1988068,0.04928589,0.9787903,0.1216125,0.005386353,0.9925537,0.002444748,0.002290481,True,True
20964063210,63784343691247,0.6040975,0.518116,0.5185187,0.5034828,-14.77403,2.105782,-0.2583524,-0.07653763,0.8555048,-0.00683975,0.5120614,0,0,0,0,0,0,0,14.77512,-2.101981,0.2285442,-0.6928684,-0.2304905,-0.6832332,-0.02811623,0.00279335,-0.02707024,0.03028625,0.004806793,-0.03254628,0.1986389,0.04969788,0.9788055,0.1213989,0.005477905,0.9925842,0.002444733,0.002272736,True,True
20964071672,63784343691258,0.6040846,0.5180098,0.5185187,0.5035821,-14.77416,2.105761,-0.2583509,-0.07645493,0.855554,-0.006804381,0.5119919,0,0,0,0,0,0,0,14.77524,-2.101959,0.2285326,-0.6928584,-0.230504,-0.6832388,-0.02811623,0.002794128,-0.02707587,0.03028625,0.004809952,-0.03256084,0.1986084,0.0493927,0.9788208,0.1213989,0.005767822,0.9925842,0.002444397,0.002289749,True,True
20964079839,63784343691269,0.604081,0.5177708,0.5184483,0.5037598,-14.77414,2.105717,-0.2583828,-0.07644277,0.8556736,-0.006799186,0.5117939,0,0,0,0,0,0,0,14.77523,-2.101915,0.2285588,-0.6928518,-0.230552,-0.6832293,-0.02811623,0.002794128,-0.02707658,0.03028625,0.004810394,-0.03257149,0.1986084,0.04870605,0.9788666,0.1212158,0.006286621,0.9925995,0.002444153,0.00228978,True,True
20964088188,63784343691269,0.6042482,0.5178574,0.5179768,0.5036915,-14.77414,2.105717,-0.2583828,-0.07644277,0.8556736,-0.006799186,0.5117939,0,0,0,0,0,0,0,14.77523,-2.101915,0.2285572,-0.6928522,-0.2305518,-0.6832289,-0.02811623,0.002794128,-0.02707956,0.03028625,0.00481105,-0.03257167,0.1990204,0.0489502,0.9787598,0.1199951,0.006088257,0.9927521,0.002455658,0.002289505,True,True
20964096590,63784343691281,0.5969207,0.5190916,0.5165787,0.5059008,-14.77414,2.105653,-0.2584196,-0.07644061,0.8557127,-0.006918085,0.5117274,0,0,0,0,0,0,0,14.77517,-2.101792,0.2283831,-0.6928829,-0.230553,-0.6831974,-0.02817383,0.00287146,-0.02736154,0.03022449,0.004851395,-0.03271149,0.1806335,0.0526886,0.982132,0.1163635,0.01254272,0.9931183,0.002494934,0.002277466,True,True
20964104671,63784343691290,0.5879189,0.5174442,0.5077921,0.5052335,-14.77418,2.105562,-0.2584402,-0.07632084,0.8558124,-0.007044487,0.5115768,0,0,0,0,0,0,0,14.77506,-2.101734,0.228554,-0.6929197,-0.2305805,-0.6831508,-0.028314,0.002878464,-0.02735234,0.03008492,0.004778747,-0.03241991,0.1578674,0.04812622,0.9862823,0.0934906,0.01062012,0.9955597,0.002426498,0.002328323,True,True
20964112995,63784343691302,0.5862491,0.5192544,0.5042164,0.5047618,-14.77419,2.105505,-0.2585049,-0.07619014,0.855863,-0.007168756,0.5115098,0,0,0,0,0,0,0,14.77505,-2.101602,0.2284649,-0.6929411,-0.2305817,-0.6831285,-0.02834833,0.00293306,-0.02744017,0.03005086,0.004872818,-0.03263966,0.1535645,0.05340576,0.9866791,0.08413696,0.009246826,0.9963989,0.002354523,0.002328751,True,True
20964121295,63784343691302,0.5901164,0.5208141,0.5083209,0.5070693,-14.77419,2.105505,-0.2585049,-0.07619014,0.855863,-0.007168756,0.5115098,0,0,0,0,0,0,0,14.77505,-2.10159,0.2284684,-0.6929312,-0.2305741,-0.6831413,-0.02833249,0.002947815,-0.02745731,0.03004941,0.004881821,-0.03261562,0.1633759,0.05783081,0.9848633,0.09486389,0.01599121,0.9953461,0.002504547,0.002309708,True,True
20964129786,63784343691314,0.5879073,0.5199995,0.5046247,0.5054601,-14.77419,2.10543,-0.2585435,-0.07612795,0.8559101,-0.007125083,0.5114411,0,0,0,0,0,0,0,14.77506,-2.101521,0.2285035,-0.6929281,-0.230593,-0.6831379,-0.02832368,0.002948349,-0.0274642,0.03005458,0.004869995,-0.03261583,0.1577759,0.05552673,0.9859009,0.08520508,0.0112915,0.9962921,0.002363648,0.002273895,True,True
20964138007,63784343691326,0.5876838,0.5198237,0.5088285,0.5068561,-14.77425,2.105368,-0.2585793,-0.07615244,0.8559707,-0.007166937,0.5113351,0,0,0,0,0,0,0,14.77511,-2.101463,0.2285313,-0.6929271,-0.2306174,-0.6831309,-0.02832951,0.002948471,-0.0274676,0.03005437,0.004861938,-0.03262851,0.1572113,0.05502319,0.9860229,0.09619141,0.0153656,0.9952393,0.00240567,0.002236099,True,True
20964146437,63784343691336,0.5880514,0.5194839,0.5086526,0.506298,-14.77429,2.105336,-0.2586187,-0.07619038,0.856041,-0.007294109,0.5112101,0,0,0,0,0,0,0,14.77515,-2.101431,0.2285681,-0.6929438,-0.2306495,-0.683103,-0.02833534,0.002948593,-0.02747101,0.03005391,0.004860718,-0.0326302,0.1581573,0.05403137,0.9859314,0.09573364,0.01373291,0.9953003,0.002380402,0.002291138,True,True
20964154752,63784343691336,0.5880582,0.5195472,0.5085119,0.5061206,-14.77429,2.105336,-0.2586187,-0.07619038,0.856041,-0.007294109,0.5112101,0,0,0,0,0,0,0,14.77514,-2.101431,0.228566,-0.6929439,-0.2306498,-0.6831028,-0.02833916,0.0029496,-0.02747691,0.03005344,0.004859512,-0.03262851,0.1581726,0.05421448,0.9859161,0.09536743,0.01321411,0.9953461,0.002413879,0.002297989,True,True
20964163102,63784343691347,0.5885503,0.5195881,0.5073726,0.5060098,-14.77434,2.105319,-0.2586958,-0.07637384,0.8561268,-0.007283384,0.5110391,0,0,0,0,0,0,0,14.77519,-2.101415,0.2286397,-0.692944,-0.2307013,-0.6830851,-0.02834299,0.002950592,-0.0274828,0.03005267,0.004856933,-0.03262939,0.1594238,0.05432129,0.9857025,0.09239197,0.01289368,0.995636,0.002380371,0.002303055,True,True
20964171406,63784343691358,0.5884249,0.5196818,0.5062234,0.5064359,-14.77435,2.105304,-0.2587423,-0.07651457,0.85619,-0.007268196,0.5109124,0,0,0,0,0,0,0,14.7752,-2.101401,0.2286843,-0.6929446,-0.2307382,-0.6830722,-0.0283448,0.002950516,-0.0274875,0.03005191,0.00485437,-0.03262851,0.1591034,0.05459595,0.9857483,0.08938599,0.0141449,0.9958954,0.002405136,0.002309021,True,True
20964179712,63784343691369,0.5882886,0.5197811,0.5059198,0.5061489,-14.77436,2.105286,-0.2588073,-0.07667217,0.8562507,-0.007344405,0.510786,0,0,0,0,0,0,0,14.77522,-2.101384,0.2287499,-0.6929584,-0.2307759,-0.6830454,-0.02834662,0.002950439,-0.02749219,0.03005142,0.004852631,-0.03262276,0.1587524,0.05488586,0.9857788,0.08859253,0.01330566,0.9959717,0.002430084,0.002302765,True,True
20964188029,63784343691369,0.5882031,0.519638,0.5056163,0.5058569,-14.77436,2.105286,-0.2588073,-0.07667217,0.8562507,-0.007344405,0.510786,0,0,0,0,0,0,0,14.77522,-2.101386,0.2287515,-0.6929588,-0.2307769,-0.6830447,-0.02834876,0.002949524,-0.0274946,0.03005093,0.004850876,-0.03261699,0.1585388,0.05447388,0.9858398,0.08779907,0.01245117,0.996048,0.002438385,0.002299576,True,True
20964196450,63784343691380,0.5881117,0.519516,0.5057384,0.5055808,-14.77439,2.105299,-0.2588641,-0.07682157,0.8563023,-0.007447834,0.5106754,0,0,0,0,0,0,0,14.77524,-2.101404,0.2288132,-0.6929762,-0.2308105,-0.6830158,-0.02835089,0.002948593,-0.02749701,0.03004903,0.004840546,-0.03260472,0.1583099,0.05412292,0.9859009,0.08811951,0.01164246,0.9960327,0.002446991,0.002298264,True,True
20964204742,63784343691380,0.5875556,0.5195487,0.5058489,0.5053101,-14.77439,2.105299,-0.2588641,-0.07682157,0.8563023,-0.007447834,0.5106754,0,0,0,0,0,0,0,14.77524,-2.101409,0.2288187,-0.6929767,-0.230811,-0.6830151,-0.02835474,0.002948471,-0.02749844,0.03004712,0.0048302,-0.03259245,0.1568909,0.05422974,0.9861145,0.08840942,0.010849,0.9960175,0.002451279,0.002299835,True,True
20964212988,63784343691400,0.5870056,0.5195815,0.5053992,0.5048616,-14.77441,2.105285,-0.2588603,-0.07690688,0.8562751,-0.007455389,0.5107079,0,0,0,0,0,0,0,14.77525,-2.101402,0.2288264,-0.6929827,-0.2308082,-0.68301,-0.02835858,0.002948349,-0.02749989,0.03004462,0.004819168,-0.03256795,0.1554871,0.05433655,0.9863281,0.0872345,0.009536743,0.9961395,0.00245578,0.002298203,True,True
20964221467,63784343691405,0.5877782,0.5196611,0.5050317,0.5044238,-14.77441,2.105268,-0.2588908,-0.07696191,0.8563256,-0.007623536,0.5106125,0,0,0,0,0,0,0,14.77525,-2.101391,0.2288687,-0.693007,-0.2308316,-0.6829773,-0.02836262,0.002944763,-0.0275007,0.03004211,0.004808136,-0.03254343,0.1574554,0.05455017,0.9860077,0.08627319,0.008255005,0.9962311,0.002451675,0.002296722,True,True
20964229713,63784343691414,0.5876761,0.5196813,0.505242,0.5046219,-14.77442,2.105246,-0.2589375,-0.07714324,0.8563792,-0.007777188,0.5104931,0,0,0,0,0,0,0,14.77526,-2.101376,0.2289273,-0.693033,-0.2308662,-0.6829392,-0.02836665,0.002941177,-0.02749989,0.03003981,0.004797485,-0.03252051,0.157196,0.05461121,0.9860535,0.08682251,0.008834839,0.99617,0.002456085,0.002298843,True,True
20964238065,63784343691425,0.5878356,0.5194138,0.5053471,0.5048355,-14.77441,2.105218,-0.2589656,-0.07730288,0.856389,-0.007822719,0.5104517,0,0,0,0,0,0,0,14.77525,-2.101355,0.2289664,-0.6930435,-0.2308838,-0.6829226,-0.02836891,0.00293956,-0.0275007,0.03003752,0.004786835,-0.03249757,0.157608,0.05383301,0.9860229,0.08709717,0.009460449,0.9961395,0.002451477,0.002300583,True,True
20964246467,63784343691436,0.5880244,0.5191569,0.5054696,0.5052159,-14.77444,2.105208,-0.2589773,-0.0773597,0.8564335,-0.007971838,0.5103661,0,0,0,0,0,0,0,14.77528,-2.101352,0.2289908,-0.6930656,-0.230904,-0.6828934,-0.02837117,0.002937958,-0.02750151,0.03003514,0.004774323,-0.03247139,0.1580963,0.05308533,0.9859924,0.0874176,0.01057434,0.996109,0.002455475,0.002302017,True,True
20964254774,63784343691436,0.588458,0.5193396,0.5055869,0.5055912,-14.77444,2.105208,-0.2589773,-0.0773597,0.8564335,-0.007971838,0.5103661,0,0,0,0,0,0,0,14.77527,-2.101361,0.2290021,-0.693065,-0.2309027,-0.6828945,-0.02837701,0.0029328,-0.02750513,0.03003276,0.00476181,-0.03244522,0.1591949,0.05360413,0.9857788,0.08772278,0.01167297,0.9960632,0.002456009,0.002301987,True,True
20964263097,63784343691448,0.5885143,0.5196036,0.505255,0.5061274,-14.77446,2.105194,-0.2590342,-0.07739054,0.8564975,-0.007961072,0.5102542,0,0,0,0,0,0,0,14.77529,-2.101363,0.2290809,-0.6930619,-0.2309296,-0.6828885,-0.02838031,0.002923019,-0.02751064,0.03002879,0.004738373,-0.03239594,0.1593323,0.05436707,0.9857178,0.08685303,0.01324463,0.9961243,0.002455811,0.00230333,True,True
20964271347,63784343691459,0.5863084,0.5192705,0.5048822,0.5064865,-14.77444,2.105191,-0.2590362,-0.07745883,0.856518,-0.008053469,0.510208,0,0,0,0,0,0,0,14.77526,-2.101367,0.2290887,-0.6930808,-0.2309414,-0.6828653,-0.02838101,0.002919113,-0.02751082,0.03002716,0.004729126,-0.03238431,0.153717,0.05345154,0.9866638,0.08587646,0.01429749,0.9962006,0.002455612,0.00230368,True,True
20964279708,63784343691470,0.5860754,0.5192688,0.5048891,0.5069242,-14.77442,2.105188,-0.2591023,-0.0772691,0.8565462,-0.007945069,0.5101912,0,0,0,0,0,0,0,14.77525,-2.101368,0.2291554,-0.6930581,-0.2309367,-0.6828899,-0.02838219,0.002918869,-0.02751511,0.03002685,0.004721191,-0.03237879,0.1531219,0.05345154,0.9867554,0.08589172,0.01557922,0.99617,0.002452164,0.0023051,True,True
20964288059,63784343691470,0.5861823,0.5191486,0.5048938,0.5061323,-14.77442,2.105188,-0.2591023,-0.0772691,0.8565462,-0.007945069,0.5101912,0,0,0,0,0,0,0,14.77524,-2.10137,0.2291555,-0.6930576,-0.2309392,-0.6828896,-0.02838362,0.002918869,-0.02751694,0.03002588,0.004717011,-0.03237671,0.1533966,0.05310059,0.9867249,0.08590698,0.01325989,0.9962006,0.00245166,0.002304626,True,True
20964296381,63784343691482,0.5862357,0.5191121,0.504887,0.5054342,-14.7744,2.10517,-0.2591577,-0.07725883,0.8566286,-0.007747819,0.5100573,0,0,0,0,0,0,0,14.77522,-2.101353,0.2292118,-0.6930227,-0.2309779,-0.6829121,-0.02838724,0.002918869,-0.02752132,0.03002489,0.004714966,-0.03237057,0.1535339,0.05299377,0.9867096,0.08589172,0.01121521,0.9962311,0.002451538,0.002303055,True,True
20964304683,63784343691493,0.5864036,0.5191503,0.5047351,0.5051059,-14.7744,2.105167,-0.259159,-0.07723977,0.8566781,-0.007763229,0.5099769,0,0,0,0,0,0,0,14.77521,-2.10135,0.2292135,-0.693022,-0.230997,-0.6829062,-0.02839078,0.002918869,-0.02752386,0.0300233,0.004714249,-0.03236705,0.1539612,0.05310059,0.9866333,0.085495,0.01025391,0.9962769,0.002446747,0.002304016,True,True
20964313028,63784343691504,0.5861706,0.5191486,0.5047004,0.5054705,-14.77442,2.105133,-0.2591771,-0.07717519,0.8567229,-0.007753096,0.5099115,0,0,0,0,0,0,0,14.77524,-2.10132,0.2292317,-0.6930171,-0.2310086,-0.6829072,-0.02839375,0.002918869,-0.0275286,0.0300213,0.004707779,-0.03236215,0.1533661,0.05310059,0.9867249,0.08540344,0.01132202,0.9962769,0.002446991,0.002304749,True,True
20964321464,63784343691504,0.5845555,0.5188158,0.5047761,0.5053508,-14.77442,2.105133,-0.2591771,-0.07717519,0.8567229,-0.007753096,0.5099115,0,0,0,0,0,0,0,14.77524,-2.101322,0.2292292,-0.6930192,-0.2310093,-0.682905,-0.02839731,0.002918869,-0.0275345,0.03002042,0.004703369,-0.03236131,0.1492462,0.0521698,0.9874115,0.08560181,0.01097107,0.9962616,0.002433319,0.00230484,True,True
20964329792,63784343691515,0.5845464,0.5191262,0.5048639,0.5054863,-14.77449,2.10514,-0.2592191,-0.07718546,0.8568159,-0.007957429,0.5097506,0,0,0,0,0,0,0,14.7753,-2.101331,0.2292632,-0.6930467,-0.2310432,-0.6828656,-0.02839868,0.002918869,-0.02756242,0.03001773,0.004698029,-0.03234923,0.1492157,0.05307007,0.9873657,0.08583069,0.0113678,0.9962311,0.002432449,0.002305054,True,True
20964338036,63784343691526,0.5843753,0.518725,0.5046542,0.5056111,-14.77452,2.105041,-0.2593035,-0.07731311,0.8568721,-0.008021406,0.5096359,0,0,0,0,0,0,0,14.77532,-2.101236,0.2293462,-0.6930578,-0.231077,-0.6828429,-0.02840097,0.002918869,-0.02758331,0.03001711,0.004691467,-0.0323313,0.1487885,0.0519104,0.9875031,0.08528137,0.01173401,0.9962769,0.002431595,0.002305511,True,True
20964346307,63784343691537,0.5844138,0.5189989,0.5047939,0.5055488,-14.77453,2.105006,-0.2593444,-0.07732196,0.856922,-0.00816736,0.5095482,0,0,0,0,0,0,0,14.77533,-2.101202,0.2293823,-0.693078,-0.2310949,-0.6828161,-0.02840254,0.002918167,-0.02759431,0.0300148,0.004689804,-0.03232981,0.14888,0.05270386,0.987442,0.08564758,0.0115509,0.9962463,0.002431702,0.002305313,True,True
20964354784,63784343691537,0.5842954,0.5190613,0.5046772,0.505408,-14.77453,2.105006,-0.2593444,-0.07732196,0.856922,-0.00816736,0.5095482,0,0,0,0,0,0,0,14.77533,-2.101202,0.2293795,-0.6930784,-0.2310951,-0.6828158,-0.02840294,0.002918167,-0.02760472,0.0300145,0.00468953,-0.03232513,0.1485748,0.05288696,0.9874725,0.08534241,0.01113892,0.9962769,0.002423126,0.002305069,True,True
20964363030,63784343691548,0.5841371,0.5194021,0.5041763,0.5054649,-14.77449,2.104872,-0.2592533,-0.07729305,0.8569238,-0.008240014,0.5095485,0,0,0,0,0,0,0,14.77529,-2.101074,0.2292851,-0.6930898,-0.2310904,-0.6828057,-0.02840315,0.002918167,-0.02762868,0.03001434,0.004677994,-0.03230771,0.1481628,0.05387878,0.9874878,0.08403015,0.01130676,0.9963837,0.002431198,0.002305573,True,True
20964371394,63784343691559,0.5833703,0.5195808,0.5040013,0.5054022,-14.77444,2.104845,-0.2592127,-0.07727538,0.8569252,-0.008217817,0.5095491,0,0,0,0,0,0,0,14.77524,-2.101054,0.2292523,-0.6930873,-0.2310892,-0.6828088,-0.02840347,0.002918167,-0.02764058,0.03001361,0.004663605,-0.0322803,0.1461945,0.05441284,0.9877472,0.08357239,0.01112366,0.9964294,0.002422684,0.002305786,True,True
20964379767,63784343691571,0.5828512,0.5195034,0.5039782,0.505522,-14.77447,2.104819,-0.2591585,-0.07725503,0.8569018,-0.008310997,0.50959,0,0,0,0,0,0,0,14.77527,-2.101032,0.2292069,-0.693103,-0.2310757,-0.6827973,-0.0284039,0.002918167,-0.02764095,0.03001291,0.00465419,-0.03226224,0.1448669,0.05419922,0.9879608,0.08351135,0.01147461,0.9964294,0.002422699,0.002306183,True,True
20964388039,63784343691571,0.5829045,0.519425,0.5039902,0.5057772,-14.77447,2.104819,-0.2591585,-0.07725503,0.8569018,-0.008310997,0.50959,0,0,0,0,0,0,0,14.77527,-2.101035,0.2292099,-0.693103,-0.2310753,-0.6827976,-0.02840457,0.002918167,-0.02764111,0.03001207,0.004648987,-0.0322561,0.1450043,0.05397034,0.9879456,0.08354187,0.01222229,0.9964142,0.002422806,0.002306534,True,True
20964396573,63784343691581,0.5827278,0.5189714,0.5039787,0.5059699,-14.7745,2.104855,-0.2592607,-0.07729318,0.8569475,-0.008297806,0.5095076,0,0,0,0,0,0,0,14.7753,-2.101074,0.229317,-0.6931,-0.2310983,-0.6827928,-0.02840501,0.002918167,-0.02764113,0.03001083,0.004642807,-0.03224634,0.1445618,0.05265808,0.9880829,0.08351135,0.01278687,0.9964142,0.002416702,0.002295853,True,True
20964404698,63784343691592,0.5825546,0.5188861,0.503781,0.5061832,-14.77451,2.104822,-0.2593085,-0.07742559,0.8569027,-0.008400925,0.5095611,0,0,0,0,0,0,0,14.77531,-2.10105,0.2293817,-0.6931221,-0.2310893,-0.6827733,-0.02840511,0.002917557,-0.02764113,0.03000806,0.004627411,-0.03221259,0.1441193,0.05241394,0.9881592,0.08299255,0.01341248,0.9964447,0.002416962,0.002292481,True,True
20964413000,63784343691603,0.5821342,0.5191618,0.5038919,0.5063448,-14.77449,2.104807,-0.2593641,-0.077517,0.8569332,-0.008389967,0.5094961,0,0,0,0,0,0,0,14.77529,-2.101038,0.2294377,-0.6931222,-0.2311089,-0.6827667,-0.02840636,0.002912918,-0.02764113,0.03000649,0.004624802,-0.03221164,0.1430359,0.05322266,0.9882813,0.08328247,0.0138855,0.9964142,0.00241687,0.002292618,True,True
20964421366,63784343691603,0.5821042,0.5190881,0.5037001,0.5066571,-14.77449,2.104807,-0.2593641,-0.077517,0.8569332,-0.008389967,0.5094961,0,0,0,0,0,0,0,14.77529,-2.101045,0.2294377,-0.6931226,-0.2311082,-0.6827665,-0.02840655,0.002905929,-0.02764113,0.03000649,0.004618942,-0.03221164,0.1429596,0.05300903,0.9882965,0.08277893,0.01480103,0.9964447,0.002417007,0.002292847,True,True
20964429690,63784343691614,0.5818428,0.5191388,0.5036649,0.5067716,-14.7745,2.104826,-0.259464,-0.07752711,0.8569823,-0.00837006,0.5094123,0,0,0,0,0,0,0,14.7753,-2.101065,0.2295376,-0.693118,-0.231129,-0.6827641,-0.02840668,0.002902039,-0.02764113,0.03000649,0.004618942,-0.03221164,0.1422882,0.05316162,0.9883881,0.08268738,0.01513672,0.99646,0.002414764,0.002292862,True,True
20964438012,63784343691626,0.581876,0.5181823,0.5029193,0.5065677,-14.77446,2.104815,-0.2594537,-0.07760353,0.8570459,-0.008328572,0.5092943,0,0,0,0,0,0,0,14.77526,-2.101056,0.2295273,-0.6931113,-0.2311656,-0.6827586,-0.02840715,0.002900055,-0.02764113,0.03000649,0.004618942,-0.03221164,0.142395,0.05038452,0.9885254,0.08073425,0.01454163,0.9966278,0.002414062,0.002292328,True,True
20964446354,63784343691626,0.5818802,0.5179564,0.5029193,0.5065677,-14.77446,2.104815,-0.2594537,-0.07760353,0.8570459,-0.008328572,0.5092943,0,0,0,0,0,0,0,14.77526,-2.101056,0.2295273,-0.6931111,-0.2311662,-0.6827585,-0.02840726,0.002899521,-0.02764113,0.03000649,0.004618942,-0.03221164,0.1424103,0.04972839,0.9885559,0.08073425,0.01454163,0.9966278,0.002414719,0.002292328,True,True
20964454681,63784343691637,0.5819218,0.51792,0.5029309,0.506526,-14.77447,2.104785,-0.2594925,-0.07764392,0.8570287,-0.008380618,0.5093164,0,0,0,0,0,0,0,14.77527,-2.101026,0.2295661,-0.693121,-0.231162,-0.68275,-0.02840782,0.002899414,-0.02764113,0.03000635,0.004618637,-0.03221164,0.1425171,0.04962158,0.9885406,0.08076477,0.01441956,0.9966278,0.002414581,0.002292313,True,True
20964463063,63784343691648,0.581782,0.5182397,0.5027391,0.5065259,-14.77452,2.104754,-0.2595121,-0.07765315,0.8570749,-0.008375575,0.5092372,0,0,0,0,0,0,0,14.77532,-2.100998,0.2295857,-0.6931189,-0.2311809,-0.6827456,-0.02840832,0.002893158,-0.02764113,0.03000635,0.004618316,-0.03221164,0.1421509,0.05055237,0.9885406,0.08026123,0.01441956,0.9966583,0.002414017,0.002292252,True,True
20964471405,63784343691659,0.5809984,0.5182978,0.5027387,0.5061613,-14.77454,2.104722,-0.2595517,-0.07765523,0.8570874,-0.008510659,0.5092135,0,0,0,0,0,0,0,14.77534,-2.100967,0.2296249,-0.6931401,-0.2311842,-0.6827229,-0.02840864,0.002891983,-0.02764113,0.03000635,0.004618316,-0.03221259,0.1401367,0.05073547,0.9888153,0.08026123,0.01335144,0.9966736,0.002408005,0.002295014,True,True
20964479616,63784343691671,0.5809102,0.5184704,0.5024419,0.5061558,-14.77455,2.104698,-0.2595587,-0.07766992,0.857159,-0.008601885,0.5090893,0,0,0,0,0,0,0,14.77535,-2.100944,0.2296317,-0.6931519,-0.2312125,-0.6827014,-0.02840883,0.002889801,-0.02764113,0.03000649,0.004618316,-0.03221294,0.1399078,0.05123901,0.9888306,0.07948303,0.01333618,0.9967346,0.002413773,0.002292145,True,True
20964487982,63784343691671,0.5809186,0.5180449,0.502413,0.5064526,-14.77455,2.104698,-0.2595587,-0.07766992,0.857159,-0.008601885,0.5090893,0,0,0,0,0,0,0,14.77535,-2.100945,0.2296231,-0.6931518,-0.2312128,-0.6827013,-0.02840921,0.002888596,-0.02764113,0.03000706,0.004618637,-0.03223022,0.1399384,0.05000305,0.9888916,0.07940674,0.01420593,0.9967346,0.002413712,0.002294556,True,True
20964496531,63784343691682,0.5809186,0.518024,0.5023841,0.5065411,-14.77458,2.104687,-0.2595855,-0.07757268,0.8572791,-0.008587337,0.5089022,0,0,0,0,0,0,0,14.77538,-2.100934,0.2296433,-0.6931415,-0.2312534,-0.6826982,-0.02840921,0.002887802,-0.02764236,0.03000723,0.004618316,-0.03224199,0.1399384,0.04994202,0.9888916,0.07933044,0.01446533,0.9967346,0.002413666,0.002291702,True,True
20964504749,63784343691693,0.5809426,0.5180347,0.5024188,0.5064474,-14.77461,2.104629,-0.2596481,-0.07766853,0.8573418,-0.008606026,0.5087817,0,0,0,0,0,0,0,14.77541,-2.100876,0.2297045,-0.6931438,-0.2312876,-0.6826842,-0.02840948,0.002887741,-0.02764398,0.03000723,0.004618316,-0.03224324,0.1399994,0.04997253,0.9888763,0.079422,0.01419067,0.9967346,0.002414383,0.002291657,True,True
20964512983,63784343691693,0.5803033,0.5182827,0.5027218,0.506656,-14.77461,2.104629,-0.2596481,-0.07766853,0.8573418,-0.008606026,0.5087817,0,0,0,0,0,0,0,14.77541,-2.100876,0.2296939,-0.6931446,-0.2312863,-0.6826839,-0.02841019,0.002886444,-0.02765189,0.03000723,0.004618683,-0.03225641,0.1383514,0.05070496,0.9890747,0.08021545,0.01480103,0.9966583,0.002413681,0.002294296,True,True
20964521363,63784343691705,0.5802966,0.5182353,0.5024428,0.5068276,-14.77462,2.104628,-0.2596807,-0.07762965,0.8574189,-0.008667055,0.5086564,0,0,0,0,0,0,0,14.77541,-2.100875,0.2297195,-0.6931497,-0.2313128,-0.6826697,-0.02841109,0.002886444,-0.02765506,0.03000723,0.004619171,-0.03226732,0.1383362,0.05056763,0.98909,0.07948303,0.01530457,0.9967041,0.002414474,0.002295242,True,True
20964529777,63784343691716,0.5800664,0.5183023,0.5024192,0.5067494,-14.77476,2.104638,-0.2597111,-0.07757345,0.8574777,-0.008557823,0.5085677,0,0,0,0,0,0,0,14.77556,-2.100885,0.2297433,-0.6931289,-0.231334,-0.6826836,-0.02841116,0.002886444,-0.02765919,0.03000723,0.004619583,-0.03227631,0.1377411,0.05076599,0.989151,0.079422,0.01507568,0.9967194,0.002413574,0.002298569,True,True
20964538009,63784343691727,0.5799767,0.5182282,0.5024188,0.5064526,-14.77472,2.104684,-0.2596702,-0.07749734,0.857529,-0.008586734,0.5084923,0,0,0,0,0,0,0,14.77552,-2.100931,0.2297021,-0.6931288,-0.2313486,-0.6826788,-0.02841133,0.002886444,-0.02765929,0.03000723,0.004619858,-0.03227682,0.1375122,0.05055237,0.9891968,0.079422,0.01420593,0.9967346,0.002414246,0.00229805,True,True
20964546298,63784343691727,0.5800655,0.5182078,0.5024597,0.5064527,-14.77472,2.104684,-0.2596702,-0.07749734,0.857529,-0.008586734,0.5084923,0,0,0,0,0,0,0,14.77551,-2.10093,0.229698,-0.6931286,-0.2313487,-0.6826789,-0.02841251,0.002887314,-0.02766077,0.03000723,0.004620667,-0.03228354,0.1377411,0.05049133,0.9891663,0.07952881,0.01420593,0.9967194,0.002413376,0.002298187,True,True
20964554660,63784343691727,0.58008,0.517016,0.5025055,0.5059216,-14.77472,2.104684,-0.2596702,-0.07749734,0.857529,-0.008586734,0.5084923,0,0,0,0,0,0,0,14.77551,-2.10093,0.2296967,-0.6931278,-0.2313534,-0.6826782,-0.0284128,0.002887314,-0.02766185,0.03000635,0.004620804,-0.03228514,0.1378021,0.04702759,0.9893341,0.07965088,0.01264954,0.9967346,0.002413193,0.002295975,True,True
20964563206,63784343691752,0.5797747,0.5181745,0.5025469,0.506333,-14.77482,2.104682,-0.2596918,-0.07755261,0.8576137,-0.00845592,0.5083432,0,0,0,0,0,0,0,14.77562,-2.100928,0.2297069,-0.6931062,-0.2313913,-0.6826872,-0.0284137,0.002887314,-0.02766263,0.03000618,0.004621155,-0.03230707,0.1369934,0.05039978,0.9892731,0.07975769,0.01385498,0.9967041,0.00241275,0.002294144,True,True
20964571287,63784343691761,0.5799096,0.5172826,0.5024704,0.5058591,-14.77487,2.104621,-0.2597248,-0.07763528,0.8576351,-0.008501122,0.5082937,0,0,0,0,0,0,0,14.77566,-2.100867,0.2297318,-0.6931137,-0.2314104,-0.6826732,-0.02841574,0.002887314,-0.0276752,0.03000574,0.004620804,-0.03231085,0.1373596,0.04780579,0.9893646,0.07955933,0.01246643,0.9967499,0.002411804,0.002293701,True,True
20964579659,63784343691761,0.5799967,0.51774,0.5025812,0.5057863,-14.77487,2.104621,-0.2597248,-0.07763528,0.8576351,-0.008501122,0.5082937,0,0,0,0,0,0,0,14.77566,-2.100867,0.2297225,-0.6931136,-0.2314094,-0.6826736,-0.02841652,0.002887314,-0.02769295,0.0300044,0.004620804,-0.03231174,0.1375732,0.0491333,0.9892578,0.07984924,0.01225281,0.9967194,0.002447479,0.002293564,True,True
20964587913,63784343691772,0.5800573,0.517987,0.5025344,0.5057706,-14.7749,2.104611,-0.2597464,-0.07763771,0.8576124,-0.008491286,0.5083318,0,0,0,0,0,0,0,14.77569,-2.100857,0.2297371,-0.6931133,-0.2313999,-0.6826771,-0.02841826,0.002888092,-0.0277065,0.03000261,0.004621155,-0.0323122,0.1377258,0.04985046,0.989212,0.07972717,0.01220703,0.9967346,0.00244754,0.002293625,True,True
20964596467,63784343691783,0.5802177,0.5179933,0.5026216,0.5055885,-14.77498,2.1046,-0.259757,-0.07764085,0.857609,-0.008402645,0.5083385,0,0,0,0,0,0,0,14.77577,-2.100844,0.2297425,-0.6930994,-0.2314011,-0.6826908,-0.02842001,0.002889465,-0.02771635,0.02999951,0.004621765,-0.03231265,0.1381378,0.04986572,0.989151,0.07995605,0.01167297,0.9967194,0.002457245,0.002293518,True,True
20964604649,63784343691794,0.5803657,0.5178946,0.5029242,0.505594,-14.77493,2.104658,-0.2597038,-0.0776427,0.8576293,-0.008462805,0.508303,0,0,0,0,0,0,0,14.77572,-2.100902,0.2296868,-0.6931071,-0.2314088,-0.6826804,-0.02842192,0.002889816,-0.02772,0.02999777,0.004622101,-0.03231401,0.1385193,0.04957581,0.9891052,0.08074951,0.01168823,0.9966583,0.002457321,0.002295166,True,True
20964612866,63784343691794,0.5803125,0.517931,0.5029883,0.5056305,-14.77493,2.104658,-0.2597038,-0.0776427,0.8576293,-0.008462805,0.508303,0,0,0,0,0,0,0,14.77572,-2.1009,0.229676,-0.6931071,-0.2314086,-0.6826804,-0.02842316,0.002895035,-0.02774113,0.02999498,0.004621765,-0.03231448,0.138382,0.04968262,0.9891205,0.08091736,0.01179504,0.9966431,0.002454102,0.002293869,True,True
20964621490,63784343691806,0.5804505,0.5180999,0.5030114,0.5056409,-14.77493,2.104655,-0.2597048,-0.07776482,0.8576705,-0.008555302,0.5082133,0,0,0,0,0,0,0,14.77571,-2.100893,0.2296602,-0.6931226,-0.2314343,-0.682656,-0.02842551,0.002901566,-0.02777191,0.02999301,0.004622101,-0.03231725,0.1387329,0.0501709,0.9890442,0.08097839,0.01182556,0.9966431,0.002456604,0.002295212,True,True
20964629656,63784343691817,0.5803682,0.5182725,0.5031106,0.5055681,-14.77494,2.104631,-0.2597478,-0.07784455,0.8576947,-0.008510234,0.5081611,0,0,0,0,0,0,0,14.77572,-2.100868,0.2297024,-0.6931167,-0.231452,-0.682656,-0.02842644,0.002903198,-0.02777284,0.02999179,0.004623657,-0.03231795,0.1385193,0.05067444,0.9890594,0.08123779,0.01161194,0.9966125,0.002456741,0.00229361,True,True
20964637914,63784343691827,0.5797771,0.5185315,0.5031338,0.505667,-14.7749,2.104664,-0.2597168,-0.07784637,0.8577453,-0.008579928,0.508074,0,0,0,0,0,0,0,14.77568,-2.100901,0.2296616,-0.6931261,-0.2314705,-0.6826403,-0.02842671,0.002903702,-0.0277869,0.02999123,0.004623657,-0.0323235,0.1369934,0.05143738,0.9892273,0.08129883,0.01190186,0.9966125,0.00245668,0.002290405,True,True
20964646347,63784343691827,0.5801188,0.5182133,0.5027382,0.5057188,-14.7749,2.104664,-0.2597168,-0.07784637,0.8577453,-0.008579928,0.508074,0,0,0,0,0,0,0,14.77568,-2.100899,0.2296559,-0.6931261,-0.2314712,-0.68264,-0.02842694,0.002906601,-0.02779565,0.02999077,0.004623657,-0.03232602,0.1378784,0.05050659,0.989151,0.08026123,0.01205444,0.9966888,0.00245607,0.002290207,True,True
20964654707,63784343691838,0.5797747,0.5182635,0.5027497,0.5057292,-14.77489,2.10464,-0.2597457,-0.07784805,0.8578267,-0.008572555,0.5079365,0,0,0,0,0,0,0,14.77567,-2.100874,0.2296801,-0.6931216,-0.2315046,-0.6826331,-0.02842708,0.002907959,-0.02780385,0.02999065,0.004623657,-0.03232745,0.1369934,0.05065918,0.9892731,0.08029175,0.01208496,0.9966888,0.0024561,0.00228801,True,True
20964663007,63784343691849,0.5795454,0.5184513,0.5024534,0.5060205,-14.77498,2.104622,-0.2597665,-0.07784268,0.8578864,-0.008491209,0.507838,0,0,0,0,0,0,0,14.77576,-2.100855,0.2296943,-0.6931071,-0.2315287,-0.6826397,-0.02842763,0.002909897,-0.02781076,0.02999011,0.004624176,-0.0323336,0.1363983,0.0512085,0.9893188,0.07951355,0.01293945,0.9967346,0.00245607,0.002287598,True,True
20964671366,63784343691860,0.5795454,0.5184984,0.502506,0.5061924,-14.77493,2.104641,-0.2597205,-0.07771614,0.8579906,-0.00844051,0.507682,0,0,0,0,0,0,0,14.77572,-2.100874,0.2296413,-0.6930909,-0.2315606,-0.6826453,-0.02842776,0.002910278,-0.02781438,0.02998912,0.004624954,-0.03234401,0.1363983,0.05134583,0.9893188,0.07965088,0.01344299,0.9967194,0.002456009,0.002287735,True,True
20964679537,63784343691860,0.5793393,0.5186757,0.5025291,0.506182,-14.77493,2.104641,-0.2597205,-0.07771614,0.8579906,-0.00844051,0.507682,0,0,0,0,0,0,0,14.77571,-2.100873,0.2296393,-0.6930912,-0.2315601,-0.6826451,-0.02842798,0.002912323,-0.02781772,0.02998878,0.004625153,-0.03234468,0.1358643,0.05186462,0.9893646,0.07971191,0.01341248,0.9967194,0.002467651,0.002289993,True,True
20964687982,63784343691871,0.5792313,0.5184546,0.5025753,0.5059269,-14.77495,2.10463,-0.2597523,-0.07787918,0.8580352,-0.008651712,0.5075782,0,0,0,0,0,0,0,14.77573,-2.100859,0.229665,-0.6931261,-0.2315902,-0.6825997,-0.02842836,0.002913132,-0.02782022,0.02998871,0.00462851,-0.03235433,0.1355896,0.05122375,0.9894257,0.07983398,0.01266479,0.9967194,0.002467575,0.002299438,True,True
20964696364,63784343691883,0.5788068,0.5187302,0.5026684,0.5059582,-14.77496,2.104592,-0.2597854,-0.07785811,0.8580869,-0.008583992,0.5074952,0,0,0,0,0,0,0,14.77574,-2.100821,0.2296934,-0.6931131,-0.23161,-0.682606,-0.028429,0.002913406,-0.02782576,0.02998761,0.004629379,-0.03235834,0.134491,0.05203247,0.9895325,0.08007813,0.01275635,0.9967041,0.002455948,0.002302597,True,True
20964704660,63784343691894,0.5786799,0.5184878,0.502558,0.505953,-14.77495,2.104566,-0.2597655,-0.07790322,0.8581706,-0.008716581,0.5073446,0,0,0,0,0,0,0,14.77573,-2.100794,0.2296731,-0.6931312,-0.2316464,-0.6825754,-0.02842908,0.00291423,-0.02782642,0.02998547,0.004629456,-0.03235834,0.1341705,0.05133057,0.989624,0.07978821,0.01274109,0.9967194,0.002474747,0.002302628,True,True
20964713107,63784343691894,0.5782508,0.5181492,0.5026625,0.5058801,-14.77495,2.104566,-0.2597655,-0.07790322,0.8581706,-0.008716581,0.5073446,0,0,0,0,0,0,0,14.77573,-2.100791,0.2296671,-0.6931314,-0.2316474,-0.6825748,-0.02843086,0.002917557,-0.02783386,0.02998421,0.004631699,-0.03236298,0.1330719,0.050354,0.9898224,0.08006287,0.01252747,0.9967041,0.00247464,0.002304321,True,True
20964814799,63784343692005,0.5776103,0.517988,0.5026452,0.5059322,-14.77491,2.10422,-0.2599282,-0.07778472,0.85842,-0.009581204,0.5069252,0,0,0,0,0,0,0,14.77568,-2.100444,0.2298283,-0.6932505,-0.2317226,-0.6824282,-0.02843117,0.002921799,-0.02783386,0.0299827,0.004631775,-0.03236584,0.131424,0.04989624,0.9900665,0.08001709,0.01268005,0.9967041,0.002453583,0.002302445,True,True
20964814934,63784343692005,0.5778293,0.518005,0.5027502,0.5059687,-14.77491,2.10422,-0.2599282,-0.07778472,0.85842,-0.009581204,0.5069252,0,0,0,0,0,0,0,14.77568,-2.100444,0.2298273,-0.6932501,-0.2317225,-0.6824288,-0.02843384,0.002921799,-0.02783386,0.02998105,0.004631958,-0.03236784,0.1319885,0.04994202,0.9899902,0.08029175,0.01278687,0.9966736,0.002453567,0.002302597,True,True
20964815020,63784343692005,0.5777669,0.5182934,0.5028374,0.5061719,-14.77491,2.10422,-0.2599282,-0.07778472,0.85842,-0.009581204,0.5069252,0,0,0,0,0,0,0,14.77568,-2.100443,0.2298273,-0.6932503,-0.2317212,-0.682429,-0.02843416,0.002921799,-0.02783386,0.02997897,0.004632187,-0.0323679,0.1318207,0.05078125,0.9899597,0.08052063,0.01338196,0.9966583,0.002474625,0.002302917,True,True
20964815150,63784343692005,0.577558,0.5180246,0.50186,0.5062802,-14.77491,2.10422,-0.2599282,-0.07778472,0.85842,-0.009581204,0.5069252,0,0,0,0,0,0,0,14.77568,-2.100443,0.2298272,-0.6932519,-0.2317212,-0.6824273,-0.02843597,0.002921799,-0.02783386,0.02997707,0.004633117,-0.03236815,0.1312866,0.05000305,0.9900665,0.07795715,0.01370239,0.9968567,0.002459122,0.002302704,True,True
20964815233,63784343692005,0.577534,0.5180138,0.5019824,0.5063845,-14.77491,2.10422,-0.2599282,-0.07778472,0.85842,-0.009581204,0.5069252,0,0,0,0,0,0,0,14.77568,-2.100441,0.2298204,-0.6932518,-0.231721,-0.6824275,-0.0284382,0.002921799,-0.02783386,0.02997571,0.004636063,-0.03238176,0.1312256,0.04997253,0.9900818,0.07827759,0.01400757,0.9968262,0.002459107,0.002304184,True,True
20964815409,63784343692005,0.5776808,0.5179201,0.5015345,0.5061863,-14.77491,2.10422,-0.2599282,-0.07778472,0.85842,-0.009581204,0.5069252,0,0,0,0,0,0,0,14.77567,-2.10044,0.2298203,-0.6932521,-0.2317217,-0.682427,-0.02844089,0.002921799,-0.02783386,0.02997165,0.004638306,-0.03238196,0.1316071,0.04969788,0.9900513,0.07710266,0.01342773,0.9969177,0.002458984,0.002311508,True,True
20964815559,63784343692005,0.5778716,0.5180212,0.501732,0.5060511,-14.77491,2.10422,-0.2599282,-0.07778472,0.85842,-0.009581204,0.5069252,0,0,0,0,0,0,0,14.77567,-2.100437,0.2298122,-0.6932516,-0.2317219,-0.6824275,-0.02844391,0.002921799,-0.02783386,0.02996886,0.004644547,-0.03239809,0.1320953,0.04998779,0.9899597,0.07762146,0.01303101,0.9968872,0.002458557,0.002311005,True,True
20964815696,63784343692005,0.5780178,0.5178644,0.5018423,0.5059575,-14.77491,2.10422,-0.2599282,-0.07778472,0.85842,-0.009581204,0.5069252,0,0,0,0,0,0,0,14.77567,-2.100435,0.2298101,-0.693251,-0.2317227,-0.6824276,-0.02844745,0.002921799,-0.02783083,0.02996561,0.004647919,-0.03240529,0.1324768,0.04953003,0.9899445,0.07791138,0.01275635,0.9968719,0.002459015,0.002310745,True,True
20964815839,63784343692005,0.5775258,0.5176834,0.5018009,0.5054004,-14.77491,2.10422,-0.2599282,-0.07778472,0.85842,-0.009581204,0.5069252,0,0,0,0,0,0,0,14.77566,-2.100436,0.2298145,-0.6932515,-0.2317245,-0.6824266,-0.02844974,0.002919769,-0.02782202,0.02996388,0.004649627,-0.03240529,0.1312103,0.04901123,0.9901276,0.07780457,0.01112366,0.9969025,0.002459473,0.002310577,True,True
20964815946,63784343692005,0.5776801,0.5177891,0.5019054,0.5052339,-14.77491,2.10422,-0.2599282,-0.07778472,0.85842,-0.009581204,0.5069252,0,0,0,0,0,0,0,14.77566,-2.100435,0.2298182,-0.6932511,-0.2317247,-0.6824269,-0.02845091,0.002918823,-0.02781462,0.02996257,0.004652069,-0.03240529,0.1316071,0.04931641,0.9900665,0.07807922,0.01063538,0.9968872,0.00247496,0.002311722,True,True
20964816072,63784343692005,0.5777301,0.5172964,0.5018591,0.5051351,-14.77491,2.10422,-0.2599282,-0.07778472,0.85842,-0.009581204,0.5069252,0,0,0,0,0,0,0,14.77566,-2.100435,0.2298367,-0.6932509,-0.2317263,-0.6824267,-0.02845166,0.002912827,-0.02777771,0.02996005,0.00465712,-0.03240529,0.1317444,0.04788208,0.9901123,0.07795715,0.01034546,0.9968872,0.002480377,0.002310486,True,True
20964816193,63784343692005,0.5777192,0.5174327,0.5015042,0.5052805,-14.77491,2.10422,-0.2599282,-0.07778472,0.85842,-0.009581204,0.5069252,0,0,0,0,0,0,0,14.77566,-2.100436,0.2298393,-0.6932515,-0.2317254,-0.6824263,-0.02845332,0.00291217,-0.02777243,0.02995934,0.00465715,-0.03240529,0.1317139,0.04827881,0.990097,0.07702637,0.01077271,0.9969635,0.002480743,0.002311478,True,True
20964821407,63784343692005,0.5777425,0.5173647,0.50151,0.5053222,-14.77491,2.10422,-0.2599282,-0.07778472,0.85842,-0.009581204,0.5069252,0,0,0,0,0,0,0,14.77566,-2.100436,0.229842,-0.6932514,-0.2317255,-0.6824263,-0.02845355,0.002911621,-0.02776704,0.02995804,0.00465715,-0.03240529,0.1317749,0.04808044,0.990097,0.07704163,0.01089478,0.9969635,0.002480911,0.002310104,True,True
20964829592,63784343692017,0.5778188,0.5173283,0.5009288,0.5055039,-14.77494,2.104207,-0.2599648,-0.07778145,0.8584396,-0.00963541,0.5068913,0,0,0,0,0,0,0,14.77569,-2.100423,0.2298841,-0.6932596,-0.2317317,-0.682416,-0.02845482,0.00291011,-0.02775604,0.02995634,0.00465715,-0.03240529,0.1319733,0.04797363,0.9900818,0.07551575,0.01142883,0.9970703,0.002480454,0.002311493,True,True
20964838010,63784343692028,0.5777367,0.5174589,0.5009577,0.5052957,-14.77495,2.104145,-0.260009,-0.07783212,0.8585032,-0.009637892,0.5067757,0,0,0,0,0,0,0,14.7757,-2.100362,0.2299297,-0.6932584,-0.2317626,-0.6824067,-0.02845499,0.002909988,-0.02775333,0.02995459,0.00465715,-0.03240529,0.1317596,0.0483551,0.990097,0.07559204,0.01081848,0.9970703,0.002480377,0.002311371,True,True
20964846306,63784343692028,0.5776836,0.5174167,0.501173,0.5054156,-14.77495,2.104145,-0.260009,-0.07783212,0.8585032,-0.009637892,0.5067757,0,0,0,0,0,0,0,14.7757,-2.100362,0.2299343,-0.6932582,-0.2317625,-0.682407,-0.02845627,0.002909393,-0.02774916,0.02995323,0.00465715,-0.03240019,0.1316223,0.04823303,0.9901123,0.07615662,0.01116943,0.9970245,0.002480774,0.002311585,True,True
20964854807,63784343692039,0.5773917,0.5171319,0.5012023,0.5057123,-14.775,2.104173,-0.2600844,-0.07788267,0.8585748,-0.009678522,0.5066458,0,0,0,0,0,0,0,14.77575,-2.10039,0.2300121,-0.6932628,-0.2317955,-0.682391,-0.0284564,0.002909286,-0.02774802,0.02995282,0.00465715,-0.03239653,0.1308746,0.04740906,0.9902496,0.07623291,0.01203918,0.9970093,0.002480911,0.002311935,True,True
20964863009,63784343692050,0.5770124,0.5161651,0.5012721,0.5056083,-14.77502,2.104149,-0.2601438,-0.0780288,0.8585952,-0.009643489,0.5065894,0,0,0,0,0,0,0,14.77576,-2.100366,0.2300768,-0.6932605,-0.2318205,-0.6823848,-0.02845644,0.002908722,-0.02773769,0.02995194,0.00465712,-0.03239626,0.1299133,0.04460144,0.990509,0.07641602,0.01173401,0.996994,0.002485321,0.002311813,True,True
20964871490,63784343692061,0.5777692,0.5169819,0.5013944,0.5057489,-14.77504,2.104108,-0.2601873,-0.0779838,0.8586479,-0.009666954,0.5065065,0,0,0,0,0,0,0,14.77579,-2.100327,0.2301257,-0.6932595,-0.2318355,-0.6823809,-0.02845766,0.002908722,-0.02773769,0.02995024,0.004653458,-0.03238551,0.1318512,0.04696655,0.9901428,0.07673645,0.012146,0.9969635,0.002486206,0.002314636,True,True
20964879628,63784343692061,0.5778398,0.5169717,0.5015692,0.5061186,-14.77504,2.104108,-0.2601873,-0.0779838,0.8586479,-0.009666954,0.5065065,0,0,0,0,0,0,0,14.77578,-2.100328,0.2301347,-0.6932592,-0.2318346,-0.6823813,-0.02845844,0.002908203,-0.02773511,0.02994656,0.004652069,-0.03237007,0.1320343,0.04693604,0.9901276,0.07719421,0.01322937,0.9969177,0.00248642,0.002298691,True,True
20964887941,63784343692073,0.576322,0.5172046,0.5015749,0.5061342,-14.77506,2.104125,-0.2602634,-0.07806406,0.8587717,-0.009733321,0.506283,0,0,0,0,0,0,0,14.7758,-2.100344,0.2302108,-0.6932681,-0.2318903,-0.6823535,-0.0284592,0.002908173,-0.02773511,0.02994435,0.004652069,-0.03237007,0.1281128,0.04763794,0.9906006,0.07720947,0.01327515,0.9969177,0.002489227,0.002298584,True,True
20964896301,63784343692073,0.5762508,0.5172355,0.5019063,0.5061397,-14.77506,2.104125,-0.2602634,-0.07806406,0.8587717,-0.009733321,0.506283,0,0,0,0,0,0,0,14.7758,-2.100345,0.2302108,-0.6932678,-0.2318903,-0.6823539,-0.02846001,0.002907822,-0.02773511,0.02994235,0.004652069,-0.03237007,0.1279297,0.04772949,0.9906311,0.07807922,0.01329041,0.9968567,0.002489517,0.002298874,True,True
20964904706,63784343692092,0.5762683,0.5171936,0.5018774,0.506197,-14.77514,2.104107,-0.2602943,-0.07808604,0.8587792,-0.009735366,0.5062669,0,0,0,0,0,0,0,14.77588,-2.100327,0.2302425,-0.6932684,-0.2318952,-0.6823515,-0.02846074,0.002907822,-0.02773358,0.02994023,0.004652069,-0.03237007,0.1279755,0.04760742,0.9906311,0.07800293,0.01345825,0.9968567,0.002489578,0.002326706,True,True
20964912897,63784343692098,0.5762683,0.5172041,0.5020228,0.5061763,-14.77509,2.10416,-0.2602458,-0.07808954,0.8588927,-0.009812317,0.5060722,0,0,0,0,0,0,0,14.77583,-2.10038,0.2301952,-0.6932747,-0.2319409,-0.6823295,-0.02846092,0.00290773,-0.02773358,0.02993834,0.004651962,-0.03236777,0.1279755,0.04763794,0.9906311,0.0783844,0.01339722,0.9968262,0.002489594,0.002327698,True,True
20964921425,63784343692106,0.5763205,0.5170524,0.5020869,0.5063169,-14.77511,2.104183,-0.2603327,-0.07813931,0.8588828,-0.0099367,0.5060789,0,0,0,0,0,0,0,14.77585,-2.100404,0.2302825,-0.6932955,-0.231939,-0.682309,-0.02846236,0.00290773,-0.02773511,0.02993744,0.004651627,-0.03236536,0.1281128,0.04719543,0.9906311,0.07855225,0.0138092,0.9968109,0.002480698,0.002327103,True,True
20964929663,63784343692117,0.5763155,0.5171573,0.5022559,0.5064057,-14.77515,2.104166,-0.260338,-0.07809297,0.8589717,-0.009788344,0.5059383,0,0,0,0,0,0,0,14.77589,-2.100387,0.2302878,-0.693267,-0.2319738,-0.6823263,-0.02846283,0.002906311,-0.02773511,0.02993536,0.004651627,-0.03236536,0.1280975,0.04750061,0.9906158,0.07899475,0.0140686,0.9967651,0.002480698,0.002327042,True,True
20964937984,63784343692128,0.5760798,0.5163123,0.5023489,0.5062599,-14.77514,2.104161,-0.2603448,-0.07803224,0.8590157,-0.009810316,0.5058724,0,0,0,0,0,0,0,14.77588,-2.100382,0.2302933,-0.6932664,-0.2319887,-0.6823217,-0.02846343,0.002906204,-0.02773769,0.02993375,0.004651627,-0.03236536,0.1275024,0.04504395,0.990799,0.07923889,0.01364136,0.9967499,0.002480133,0.00230188,True,True
20964946288,63784343692128,0.5761487,0.5160088,0.5016679,0.5060979,-14.77514,2.104161,-0.2603448,-0.07803224,0.8590157,-0.009810316,0.5058724,0,0,0,0,0,0,0,14.77588,-2.100382,0.2302906,-0.6932671,-0.2319898,-0.6823207,-0.0284651,0.002906311,-0.02774072,0.02993269,0.004651962,-0.03236777,0.1276855,0.04415894,0.9908142,0.07745361,0.01316833,0.9969025,0.002479156,0.002301941,True,True
20964954687,63784343692140,0.5755109,0.5160159,0.5017083,0.5057231,-14.77518,2.104137,-0.260406,-0.07804951,0.8589639,-0.009927407,0.5059552,0,0,0,0,0,0,0,14.77592,-2.100357,0.2303488,-0.6932888,-0.2319685,-0.6823059,-0.02846527,0.002906311,-0.0277444,0.02993233,0.004652786,-0.03237007,0.1260376,0.04418945,0.9910278,0.07756042,0.0120697,0.9969025,0.002478989,0.002298096,True,True
20964963077,63784343692151,0.5757651,0.5160592,0.5015861,0.5058375,-14.77515,2.104069,-0.2604359,-0.07806432,0.8590618,-0.009904625,0.5057873,0,0,0,0,0,0,0,14.77588,-2.10029,0.2303744,-0.6932809,-0.2320102,-0.6822997,-0.0284684,0.002906311,-0.02774591,0.02992894,0.004653107,-0.03237717,0.1266937,0.04431152,0.9909363,0.07723999,0.0124054,0.996933,0.00247908,0.002297928,True,True
20964971369,63784343692162,0.5751985,0.5161453,0.5017719,0.5055514,-14.77517,2.104029,-0.2604718,-0.07794411,0.8590785,-0.01005163,0.5057746,0,0,0,0,0,0,0,14.7759,-2.10025,0.2304084,-0.6932999,-0.2320038,-0.6822826,-0.02846869,0.002906113,-0.02774821,0.0299256,0.004652786,-0.03237855,0.1252289,0.04457092,0.9911194,0.07772827,0.01156616,0.9969025,0.002479156,0.002297989,True,True
20964979668,63784343692162,0.5751833,0.5165328,0.5015802,0.5055252,-14.77517,2.104029,-0.2604718,-0.07794411,0.8590785,-0.01005163,0.5057746,0,0,0,0,0,0,0,14.77589,-2.100249,0.2304073,-0.6933003,-0.2320027,-0.6822825,-0.02847118,0.002906311,-0.02775049,0.02992316,0.004652786,-0.03237855,0.1251831,0.04570007,0.9910736,0.07722473,0.01148987,0.996933,0.002474655,0.002297043,True,True
20964987997,63784343692173,0.5747941,0.5174373,0.5015802,0.50552,-14.77516,2.104006,-0.2604942,-0.07790519,0.8591382,-0.009950643,0.5056811,0,0,0,0,0,0,0,14.77589,-2.100226,0.2304288,-0.6932818,-0.2320233,-0.6822944,-0.02847142,0.002906311,-0.02775223,0.02992194,0.004652786,-0.03237855,0.1241608,0.04833984,0.9910736,0.07722473,0.01147461,0.996933,0.002466843,0.002296844,True,True
20964996353,63784343692185,0.5746351,0.5174313,0.5012779,0.5054938,-14.77514,2.104012,-0.2605838,-0.07779014,0.8591138,-0.009998607,0.5057393,0,0,0,0,0,0,0,14.77587,-2.100233,0.2305185,-0.6932878,-0.2320018,-0.6822954,-0.02847337,0.002906113,-0.02775223,0.02992026,0.004652786,-0.03237855,0.1237488,0.04832458,0.9911194,0.07643127,0.01139832,0.996994,0.002467636,0.002296799,True,True
20965004702,63784343692196,0.5744042,0.5174088,0.5017835,0.5055462,-14.77516,2.103947,-0.2606551,-0.078012,0.8591686,-0.01002651,0.5056115,0,0,0,0,0,0,0,14.77588,-2.100168,0.2305897,-0.6932952,-0.2320439,-0.6822737,-0.02847343,0.002906311,-0.02775223,0.02991931,0.004652786,-0.03237855,0.1231537,0.04826355,0.9912109,0.07775879,0.0115509,0.9969025,0.002466705,0.002300888,True,True
20965012999,63784343692196,0.5744158,0.5172991,0.5018013,0.5056868,-14.77516,2.103947,-0.2606551,-0.078012,0.8591686,-0.01002651,0.5056115,0,0,0,0,0,0,0,14.77588,-2.100168,0.2305904,-0.6932952,-0.2320438,-0.6822737,-0.02847461,0.00290773,-0.02775223,0.02991911,0.004650696,-0.03237717,0.1231842,0.04794312,0.9912109,0.07780457,0.01196289,0.9968872,0.002458801,0.002301117,True,True
20965021392,63784343692207,0.5744195,0.5160785,0.5017835,0.505416,-14.77516,2.10397,-0.2607166,-0.07809394,0.8592446,-0.01007249,0.5054688,0,0,0,0,0,0,0,14.77589,-2.100191,0.230657,-0.6933004,-0.2320856,-0.6822543,-0.02847551,0.00290834,-0.02775601,0.02991911,0.004650696,-0.03236331,0.1232147,0.04438782,0.9913788,0.07775879,0.01116943,0.9969025,0.00245784,0.002301117,True,True
20965029635,63784343692218,0.574278,0.5160726,0.5017893,0.5054837,-14.77514,2.103992,-0.2608124,-0.07822888,0.859277,-0.01012954,0.5053918,0,0,0,0,0,0,0,14.77586,-2.100213,0.230753,-0.6933116,-0.2321098,-0.6822346,-0.02847568,0.00290834,-0.02775601,0.02991911,0.004649139,-0.03236275,0.1228485,0.04437256,0.9914246,0.07777405,0.0113678,0.9969025,0.002457199,0.002294937,True,True
20965037973,63784343692218,0.5741465,0.5167632,0.501353,0.5054625,-14.77514,2.103992,-0.2608124,-0.07822888,0.859277,-0.01012954,0.5053918,0,0,0,0,0,0,0,14.77586,-2.100213,0.2307549,-0.6933126,-0.2321078,-0.6822342,-0.02847763,0.00290834,-0.02775223,0.02991911,0.004649139,-0.03236275,0.1224976,0.04638672,0.9913788,0.07662964,0.01130676,0.996994,0.002455551,0.002294662,True,True
20965046466,63784343692229,0.5742017,0.5170151,0.5013534,0.5056396,-14.77515,2.10399,-0.2608119,-0.07841264,0.8593403,-0.01017193,0.5052547,0,0,0,0,0,0,0,14.77587,-2.100212,0.2307485,-0.6933213,-0.2321485,-0.6822115,-0.02847858,0.00290834,-0.02776424,0.02991911,0.004646851,-0.03236246,0.1226349,0.04711914,0.9913177,0.07662964,0.01182556,0.9969788,0.002455521,0.002294754,True,True
20965054631,63784343692240,0.574439,0.5172991,0.5018885,0.5056452,-14.77511,2.103936,-0.2607761,-0.07837926,0.859406,-0.01020951,0.5051474,0,0,0,0,0,0,0,14.77583,-2.100158,0.2307103,-0.6933221,-0.2321714,-0.682203,-0.02847897,0.002909439,-0.02776915,0.02991911,0.004646851,-0.03236246,0.1232452,0.04794312,0.9912109,0.07803345,0.01184082,0.9968719,0.002455704,0.002294785,True,True
20965063056,63784343692251,0.5742975,0.5173349,0.5018885,0.5056504,-14.77526,2.103908,-0.2607602,-0.07844477,0.859417,-0.01022458,0.5051181,0,0,0,0,0,0,0,14.77598,-2.10013,0.2306938,-0.6933259,-0.2321814,-0.6821957,-0.02847967,0.002909439,-0.02777045,0.02991911,0.004646851,-0.03236246,0.122879,0.04804993,0.9912567,0.07803345,0.01185608,0.9968719,0.002458771,0.002294998,True,True
20965071348,63784343692251,0.5745116,0.5175615,0.5022955,0.5055518,-14.77519,2.103982,-0.2606459,-0.07839581,0.8595265,-0.01016561,0.5049408,0,0,0,0,0,0,0,14.77598,-2.10013,0.2306938,-0.693325,-0.2321813,-0.6821966,-0.02847975,0.002909363,-0.02777045,0.02991931,0.004646851,-0.03236246,0.1234283,0.04870605,0.9911499,0.07910156,0.01156616,0.9967957,0.002458771,0.002300995,True,True
20965079797,63784343692263,0.5743527,0.5175921,0.5018359,0.5055931,-14.77519,2.103982,-0.2606459,-0.07839581,0.8595265,-0.01016561,0.5049408,0,0,0,0,0,0,0,14.77591,-2.100204,0.2305795,-0.6933104,-0.2322228,-0.6821975,-0.02848006,0.002909119,-0.02777045,0.02991948,0.004646851,-0.03236246,0.1230164,0.04879761,0.9911957,0.07789612,0.01168823,0.9968872,0.002466507,0.002316544,True,True
20965087991,63784343692275,0.5745109,0.5173992,0.5012951,0.5056915,-14.77522,2.104004,-0.2606889,-0.07839437,0.8595816,-0.01021185,0.5048461,0,0,0,0,0,0,0,14.77594,-2.100227,0.2306231,-0.6933153,-0.2322446,-0.682185,-0.02848219,0.00290834,-0.02776915,0.02991948,0.004646851,-0.03236246,0.1234283,0.04823303,0.9911652,0.07647705,0.01197815,0.996994,0.00246759,0.002316864,True,True
20965096344,63784343692286,0.5747331,0.5172063,0.5018302,0.5057076,-14.77526,2.104007,-0.260666,-0.07843267,0.8596933,-0.01017043,0.5046507,0,0,0,0,0,0,0,14.77597,-2.10023,0.2305995,-0.6933035,-0.2322958,-0.6821795,-0.02848714,0.00290834,-0.02777045,0.02991948,0.004646851,-0.03236246,0.1240082,0.04766846,0.9911346,0.07788086,0.01202393,0.9968872,0.002466385,0.002317459,True,True
20965104692,63784343692286,0.5746039,0.517211,0.5012952,0.5054781,-14.77526,2.104007,-0.260666,-0.07843267,0.8596933,-0.01017043,0.5046507,0,0,0,0,0,0,0,14.77597,-2.100228,0.2305995,-0.6933044,-0.2322961,-0.6821786,-0.02848784,0.002908295,-0.02777045,0.02991948,0.004650085,-0.03236246,0.1236725,0.04768372,0.9911652,0.07647705,0.01135254,0.996994,0.002467316,0.002317261,True,True
20965113026,63784343692297,0.5741669,0.5171876,0.5013188,0.5058945,-14.77528,2.103999,-0.2606373,-0.07845172,0.8597059,-0.01010497,0.5046276,0,0,0,0,0,0,0,14.776,-2.10022,0.230557,-0.693295,-0.2323032,-0.6821857,-0.02848918,0.002908295,-0.02777632,0.02991948,0.004650085,-0.03238422,0.1225433,0.04762268,0.9913177,0.07653809,0.01257324,0.9969788,0.002471863,0.002320694,True,True
20965121404,63784343692308,0.5741974,0.5164126,0.5013245,0.5058945,-14.77533,2.104071,-0.2607041,-0.0783688,0.8597955,-0.01004684,0.504489,0,0,0,0,0,0,0,14.77604,-2.100292,0.230623,-0.693279,-0.2323359,-0.6821907,-0.02848961,0.002908295,-0.02777718,0.02991948,0.004650192,-0.03238505,0.1226349,0.04536438,0.9914093,0.07655334,0.01257324,0.9969788,0.002471207,0.002316437,True,True
20965129696,63784343692319,0.5740856,0.5164591,0.5011031,0.5054675,-14.77544,2.104085,-0.2606471,-0.07834537,0.8598124,-0.009865906,0.5044674,0,0,0,0,0,0,0,14.77615,-2.100306,0.2305659,-0.69325,-0.2323452,-0.6822171,-0.02849124,0.002907425,-0.02777718,0.02991948,0.004650192,-0.03238505,0.122345,0.04550171,0.9914398,0.07597351,0.01132202,0.9970398,0.002471283,0.002315689,True,True
20965137943,63784343692319,0.5737801,0.5165729,0.5011147,0.5053895,-14.77544,2.104085,-0.2606471,-0.07834537,0.8598124,-0.009865906,0.5044674,0,0,0,0,0,0,0,14.77615,-2.100307,0.2305653,-0.6932504,-0.232345,-0.6822166,-0.02849149,0.002906311,-0.02777786,0.02991948,0.004650192,-0.03238571,0.1215515,0.0458374,0.9915161,0.07600403,0.01109314,0.9970398,0.0024711,0.002311798,True,True
20965146214,63784343692330,0.5738091,0.5165415,0.5009693,0.5052488,-14.77545,2.104096,-0.2606319,-0.07823578,0.8598459,-0.009900308,0.5044265,0,0,0,0,0,0,0,14.77616,-2.100319,0.230549,-0.6932513,-0.2323488,-0.6822147,-0.0284946,0.002904541,-0.02777718,0.02991852,0.004650192,-0.03238875,0.1216278,0.04574585,0.9915161,0.07562256,0.01068115,0.9970703,0.002471237,0.00231572,True,True
20965154731,63784343692341,0.5740101,0.5165688,0.5007892,0.5055038,-14.7755,2.104122,-0.2606636,-0.07807856,0.8598735,-0.009821434,0.5044054,0,0,0,0,0,0,0,14.77621,-2.100344,0.2305787,-0.6932334,-0.2323468,-0.6822333,-0.02849721,0.002904541,-0.02777786,0.02991768,0.004650192,-0.03239197,0.1221466,0.04582214,0.9914398,0.07514954,0.01142883,0.9971008,0.002478149,0.00231575,True,True
20965162988,63784343692351,0.5737663,0.5163318,0.5013294,0.5050878,-14.77548,2.104124,-0.2606836,-0.07798786,0.8599208,-0.009836497,0.5043386,0,0,0,0,0,0,0,14.77619,-2.100347,0.2305983,-0.6932303,-0.2323597,-0.6822323,-0.02849857,0.002904541,-0.02777786,0.02991414,0.004650192,-0.03239273,0.121521,0.0451355,0.9915619,0.0765686,0.01020813,0.9970093,0.002478806,0.002315628,True,True
20965171307,63784343692351,0.5738033,0.5164683,0.5015038,0.5048329,-14.77548,2.104124,-0.2606836,-0.07798786,0.8599208,-0.009836497,0.5043386,0,0,0,0,0,0,0,14.77619,-2.100348,0.2305983,-0.6932299,-0.2323601,-0.6822325,-0.02850037,0.002902695,-0.02777786,0.029912,0.004650192,-0.03239273,0.1216125,0.04553223,0.9915161,0.07702637,0.009460449,0.9969788,0.002482361,0.002315613,True,True
20965179743,63784343692363,0.5737438,0.5164313,0.5013583,0.5048276,-14.77546,2.104146,-0.2606321,-0.07804032,0.8599513,-0.009786705,0.5042794,0,0,0,0,0,0,0,14.77616,-2.100369,0.2305471,-0.6932225,-0.2323785,-0.6822338,-0.02850287,0.002902542,-0.02777718,0.02991074,0.004650085,-0.03239273,0.12146,0.04542542,0.9915466,0.0766449,0.00944519,0.9970093,0.002482513,0.002311508,True,True
